model_id,name,division,profile_url,height_cm,hair_color,eye_color,images,thumbnail
10066,Eleena Mills,mai,https://apmmodels.com/w/models/mai/mai-10066-eleena-mills,165,red,hazel,"['images/eleena_mills/thumbnail.jpg', 'images/eleena_mills/portfolio1.jpg', 'images/eleena_mills/portfolio2.jpg', 'images/eleena_mills/portfolio3.jpg', 'images/eleena_mills/portfolio4.jpg', 'images/eleena_mills/portfolio5.jpg', 'images/eleena_mills/portfolio6.jpg', 'images/eleena_mills/portfolio7.jpg', 'images/eleena_mills/portfolio8.jpg', 'images/eleena_mills/portfolio9.jpg', 'images/eleena_mills/portfolio10.jpg', 'images/eleena_mills/portfolio11.jpg', 'images/eleena_mills/portfolio12.jpg', 'images/eleena_mills/portfolio13.jpg']",https://4598c52ed51e1bdda56a-2819a18ed12907756f28db1336cb386a.ssl.cf3.rackcdn.com/392_9809e29d-8819-4e11-a2c2-51af949d8073.jpg
9947,Andrea Kostovick,mai,https://apmmodels.com/w/models/mai/mai-9947-andrea-kostovick,175,light brown,blue-grey,"['images/andrea_kostovick/thumbnail.jpg', 'images/andrea_kostovick/portfolio1.jpg', 'images/andrea_kostovick/portfolio2.jpg', 'images/andrea_kostovick/portfolio3.jpg', 'images/andrea_kostovick/portfolio4.jpg', 'images/andrea_kostovick/portfolio5.jpg', 'images/andrea_kostovick/portfolio6.jpg', 'images/andrea_kostovick/portfolio7.jpg', 'images/andrea_kostovick/portfolio8.jpg', 'images/andrea_kostovick/portfolio9.jpg', 'images/andrea_kostovick/portfolio10.jpg', 'images/andrea_kostovick/portfolio11.jpg', 'images/andrea_kostovick/portfolio12.jpg', 'images/andrea_kostovick/portfolio13.jpg', 'images/andrea_kostovick/portfolio14.jpg']",https://4598c52ed51e1bdda56a-2819a18ed12907756f28db1336cb386a.ssl.cf3.rackcdn.com/b96c2467-fbf1-4b23-8ae5-b273940e8fed_Standard.jpg
10721,JULIA MILLER,dev,https://apmmodels.com/w/models/dev/dev-10721-julia-miller,180,dark blonde,blue,"['images/julia_miller/thumbnail.jpg', 'images/julia_miller/portfolio1.jpg', 'images/julia_miller/portfolio2.jpg', 'images/julia_miller/portfolio3.jpg', 'images/julia_miller/portfolio4.jpg', 'images/julia_miller/portfolio5.jpg', 'images/julia_miller/portfolio6.jpg', 'images/julia_miller/portfolio7.jpg', 'images/julia_miller/portfolio8.jpg', 'images/julia_miller/portfolio9.jpg', 'images/julia_miller/portfolio10.jpg', 'images/julia_miller/portfolio11.jpg', 'images/julia_miller/portfolio12.jpg', 'images/julia_miller/portfolio13.jpg', 'images/julia_miller/portfolio14.jpg']",https://4598c52ed51e1bdda56a-2819a18ed12907756f28db1336cb386a.ssl.cf3.rackcdn.com/b127132c-8d63-47d3-9687-d792cf348150__2270bfbe-3612-442f-b2df-ea8b2f7ae30b.jpg
10515,Janna  Moni,mai,https://apmmodels.com/w/models/mai/mai-10515-janna-moni,173,dark brown,brown,"['images/janna_moni/thumbnail.jpg', 'images/janna_moni/portfolio1.jpg', 'images/janna_moni/portfolio2.jpg', 'images/janna_moni/portfolio3.jpg', 'images/janna_moni/portfolio4.jpg', 'images/janna_moni/portfolio5.jpg', 'images/janna_moni/portfolio6.jpg', 'images/janna_moni/portfolio7.jpg', 'images/janna_moni/portfolio8.jpg', 'images/janna_moni/portfolio9.jpg', 'images/janna_moni/portfolio10.jpg', 'images/janna_moni/portfolio11.jpg', 'images/janna_moni/portfolio12.jpg', 'images/janna_moni/portfolio13.jpg', 'images/janna_moni/portfolio14.jpg']",https://4598c52ed51e1bdda56a-2819a18ed12907756f28db1336cb386a.ssl.cf3.rackcdn.com/8ee4016c-3044-464b-8723-a2e0a1e5a02c__05066b02-e4aa-4865-8ff8-25d1049b4117.jpg
9964,Ivana Trivic,ima,https://apmmodels.com/w/models/ima/ima-9964-ivana-trivic,177,brown,brown,"['images/ivana_trivic/thumbnail.jpg', 'images/ivana_trivic/portfolio1.jpg', 'images/ivana_trivic/portfolio2.jpg', 'images/ivana_trivic/portfolio3.jpg', 'images/ivana_trivic/portfolio4.jpg', 'images/ivana_trivic/portfolio5.jpg', 'images/ivana_trivic/portfolio6.jpg', 'images/ivana_trivic/portfolio7.jpg', 'images/ivana_trivic/portfolio8.jpg', 'images/ivana_trivic/portfolio9.jpg', 'images/ivana_trivic/portfolio10.jpg', 'images/ivana_trivic/portfolio11.jpg', 'images/ivana_trivic/portfolio12.jpg', 'images/ivana_trivic/portfolio13.jpg', 'images/ivana_trivic/portfolio14.jpg']",https://4598c52ed51e1bdda56a-2819a18ed12907756f28db1336cb386a.ssl.cf3.rackcdn.com/9963c31c-d197-436c-8135-3fbb1ae4d0ad_Standard.jpg
10231,Eve Harper,mai,https://apmmodels.com/w/models/mai/mai-10231-eve-harper,173,red,green,"['images/eve_harper/thumbnail.jpg', 'images/eve_harper/portfolio1.jpg', 'images/eve_harper/portfolio2.jpg', 'images/eve_harper/portfolio3.jpg', 'images/eve_harper/portfolio4.jpg', 'images/eve_harper/portfolio5.jpg', 'images/eve_harper/portfolio6.jpg', 'images/eve_harper/portfolio7.jpg', 'images/eve_harper/portfolio8.jpg', 'images/eve_harper/portfolio9.jpg', 'images/eve_harper/portfolio10.jpg', 'images/eve_harper/portfolio11.jpg', 'images/eve_harper/portfolio12.jpg', 'images/eve_harper/portfolio13.jpg', 'images/eve_harper/portfolio14.jpg']",https://4598c52ed51e1bdda56a-2819a18ed12907756f28db1336cb386a.ssl.cf3.rackcdn.com/d1704c36-6ce7-438b-b918-c19c3af6e7a7__696db675-149a-4019-9e16-58ac6810289e.jpg
9991,Dina Kozlovska,mai,https://apmmodels.com/w/models/mai/mai-9991-dina-kozlovska,178,brown,blue,"['images/dina_kozlovska/thumbnail.jpg', 'images/dina_kozlovska/portfolio1.jpg', 'images/dina_kozlovska/portfolio2.jpg', 'images/dina_kozlovska/portfolio3.jpg', 'images/dina_kozlovska/portfolio4.jpg', 'images/dina_kozlovska/portfolio5.jpg', 'images/dina_kozlovska/portfolio6.jpg', 'images/dina_kozlovska/portfolio7.jpg', 'images/dina_kozlovska/portfolio8.jpg', 'images/dina_kozlovska/portfolio9.jpg', 'images/dina_kozlovska/portfolio10.jpg', 'images/dina_kozlovska/portfolio11.jpg', 'images/dina_kozlovska/portfolio12.jpg', 'images/dina_kozlovska/portfolio13.jpg', 'images/dina_kozlovska/portfolio14.jpg']",https://4598c52ed51e1bdda56a-2819a18ed12907756f28db1336cb386a.ssl.cf3.rackcdn.com/317_778d9814-788b-4c4e-b1ed-3f0ac886c034.jpg
10163,Clemence Bernard,dev,https://apmmodels.com/w/models/dev/dev-10163-clemence-bernard,178,light brown,grey-green,"['images/clemence_bernard/thumbnail.jpg', 'images/clemence_bernard/portfolio1.jpg', 'images/clemence_bernard/portfolio2.jpg', 'images/clemence_bernard/portfolio3.jpg', 'images/clemence_bernard/portfolio4.jpg', 'images/clemence_bernard/portfolio5.jpg', 'images/clemence_bernard/portfolio6.jpg', 'images/clemence_bernard/portfolio7.jpg', 'images/clemence_bernard/portfolio8.jpg', 'images/clemence_bernard/portfolio9.jpg', 'images/clemence_bernard/portfolio10.jpg', 'images/clemence_bernard/portfolio11.jpg', 'images/clemence_bernard/portfolio12.jpg', 'images/clemence_bernard/portfolio13.jpg']",https://4598c52ed51e1bdda56a-2819a18ed12907756f28db1336cb386a.ssl.cf3.rackcdn.com/df02e9cb-4cee-4f46-83cc-0b19fecaf324_Standard.jpg
10146,Lexi Levy,dev,https://apmmodels.com/w/models/dev/dev-10146-lexi-levy,173,brown,hazel,"['images/lexi_levy/thumbnail.jpg', 'images/lexi_levy/portfolio1.jpg', 'images/lexi_levy/portfolio2.jpg', 'images/lexi_levy/portfolio3.jpg', 'images/lexi_levy/portfolio4.jpg', 'images/lexi_levy/portfolio5.jpg', 'images/lexi_levy/portfolio6.jpg', 'images/lexi_levy/portfolio7.jpg', 'images/lexi_levy/portfolio8.jpg', 'images/lexi_levy/portfolio9.jpg', 'images/lexi_levy/portfolio10.jpg', 'images/lexi_levy/portfolio11.jpg', 'images/lexi_levy/portfolio12.jpg', 'images/lexi_levy/portfolio13.jpg', 'images/lexi_levy/portfolio14.jpg']",https://4598c52ed51e1bdda56a-2819a18ed12907756f28db1336cb386a.ssl.cf3.rackcdn.com/472_67586e70-87ec-48e4-bbba-12c2dfdcb2c2.jpg
10461,Ingryd Marins,ima,https://apmmodels.com/w/models/ima/ima-10461-ingryd-marins,178,brown,brown,"['images/ingryd_marins/thumbnail.jpg', 'images/ingryd_marins/portfolio1.jpg', 'images/ingryd_marins/portfolio2.jpg', 'images/ingryd_marins/portfolio3.jpg', 'images/ingryd_marins/portfolio4.jpg', 'images/ingryd_marins/portfolio5.jpg', 'images/ingryd_marins/portfolio6.jpg', 'images/ingryd_marins/portfolio7.jpg', 'images/ingryd_marins/portfolio8.jpg', 'images/ingryd_marins/portfolio9.jpg', 'images/ingryd_marins/portfolio10.jpg', 'images/ingryd_marins/portfolio11.jpg', 'images/ingryd_marins/portfolio12.jpg', 'images/ingryd_marins/portfolio13.jpg', 'images/ingryd_marins/portfolio14.jpg']",https://4598c52ed51e1bdda56a-2819a18ed12907756f28db1336cb386a.ssl.cf3.rackcdn.com/2df1cb31-712e-4956-b46c-46dccb94e303_Standard.jpg
10149,Amelia  Kearney,mai,https://apmmodels.com/w/models/mai/mai-10149-amelia-kearney,177,dark brown,green,"['images/amelia_kearney/thumbnail.jpg', 'images/amelia_kearney/portfolio1.jpg', 'images/amelia_kearney/portfolio2.jpg', 'images/amelia_kearney/portfolio3.jpg', 'images/amelia_kearney/portfolio4.jpg', 'images/amelia_kearney/portfolio5.jpg', 'images/amelia_kearney/portfolio6.jpg', 'images/amelia_kearney/portfolio7.jpg', 'images/amelia_kearney/portfolio8.jpg', 'images/amelia_kearney/portfolio9.jpg', 'images/amelia_kearney/portfolio10.jpg', 'images/amelia_kearney/portfolio11.jpg', 'images/amelia_kearney/portfolio12.jpg']",https://4598c52ed51e1bdda56a-2819a18ed12907756f28db1336cb386a.ssl.cf3.rackcdn.com/475_bc2d0466-9eab-4d1d-92a4-99376fe27e2a.jpg
10580,Amber  Black,dev,https://apmmodels.com/w/models/dev/dev-10580-amber-black,175,blonde,blue,"['images/amber_black/thumbnail.jpg', 'images/amber_black/portfolio1.jpg', 'images/amber_black/portfolio2.jpg', 'images/amber_black/portfolio3.jpg', 'images/amber_black/portfolio4.jpg', 'images/amber_black/portfolio5.jpg', 'images/amber_black/portfolio6.jpg', 'images/amber_black/portfolio7.jpg', 'images/amber_black/portfolio8.jpg', 'images/amber_black/portfolio9.jpg', 'images/amber_black/portfolio10.jpg', 'images/amber_black/portfolio11.jpg', 'images/amber_black/portfolio12.jpg', 'images/amber_black/portfolio13.jpg', 'images/amber_black/portfolio14.jpg']",https://4598c52ed51e1bdda56a-2819a18ed12907756f28db1336cb386a.ssl.cf3.rackcdn.com/6923ce91-2947-4414-af78-3a3fe029e802_Standard.jpg
10373,Avie  Carroll,dev,https://apmmodels.com/w/models/dev/dev-10373-avie-carroll,178,brown,green,"['images/avie_carroll/thumbnail.jpg', 'images/avie_carroll/portfolio1.jpg', 'images/avie_carroll/portfolio2.jpg', 'images/avie_carroll/portfolio3.jpg', 'images/avie_carroll/portfolio4.jpg', 'images/avie_carroll/portfolio5.jpg', 'images/avie_carroll/portfolio6.jpg', 'images/avie_carroll/portfolio7.jpg', 'images/avie_carroll/portfolio8.jpg', 'images/avie_carroll/portfolio9.jpg', 'images/avie_carroll/portfolio10.jpg', 'images/avie_carroll/portfolio11.jpg', 'images/avie_carroll/portfolio12.jpg', 'images/avie_carroll/portfolio13.jpg', 'images/avie_carroll/portfolio14.jpg']",https://4598c52ed51e1bdda56a-2819a18ed12907756f28db1336cb386a.ssl.cf3.rackcdn.com/9c819eb8-5b96-4a2d-ae06-57f7b34810f8_Standard.jpg
10135,Duina,ima,https://apmmodels.com/w/models/ima/ima-10135-duina,178,black,brown,"['images/duina/thumbnail.jpg', 'images/duina/portfolio1.jpg', 'images/duina/portfolio2.jpg', 'images/duina/portfolio3.jpg', 'images/duina/portfolio4.jpg', 'images/duina/portfolio5.jpg', 'images/duina/portfolio6.jpg', 'images/duina/portfolio7.jpg', 'images/duina/portfolio8.jpg', 'images/duina/portfolio9.jpg', 'images/duina/portfolio10.jpg', 'images/duina/portfolio11.jpg', 'images/duina/portfolio12.jpg', 'images/duina/portfolio13.jpg', 'images/duina/portfolio14.jpg']",https://4598c52ed51e1bdda56a-2819a18ed12907756f28db1336cb386a.ssl.cf3.rackcdn.com/4a3e538d-e656-45bd-9252-9b6d4856ae08_Standard.jpg
10145,Elena Adwoa,mai,https://apmmodels.com/w/models/mai/mai-10145-elena-adwoa,177,black,brown,"['images/elena_adwoa/thumbnail.jpg', 'images/elena_adwoa/portfolio1.jpg', 'images/elena_adwoa/portfolio2.jpg', 'images/elena_adwoa/portfolio3.jpg', 'images/elena_adwoa/portfolio4.jpg']",https://4598c52ed51e1bdda56a-2819a18ed12907756f28db1336cb386a.ssl.cf3.rackcdn.com/0f098b68-ff70-4a23-8e84-75db46026cef_Standard.jpg
10320,Jazz  Walters,mai,https://apmmodels.com/w/models/mai/mai-10320-jazz-walters,178,red,brown,"['images/jazz_walters/thumbnail.jpg', 'images/jazz_walters/portfolio1.jpg', 'images/jazz_walters/portfolio2.jpg', 'images/jazz_walters/portfolio3.jpg', 'images/jazz_walters/portfolio4.jpg', 'images/jazz_walters/portfolio5.jpg', 'images/jazz_walters/portfolio6.jpg', 'images/jazz_walters/portfolio7.jpg', 'images/jazz_walters/portfolio8.jpg', 'images/jazz_walters/portfolio9.jpg', 'images/jazz_walters/portfolio10.jpg', 'images/jazz_walters/portfolio11.jpg', 'images/jazz_walters/portfolio12.jpg', 'images/jazz_walters/portfolio13.jpg', 'images/jazz_walters/portfolio14.jpg']",https://4598c52ed51e1bdda56a-2819a18ed12907756f28db1336cb386a.ssl.cf3.rackcdn.com/210b6b49-c778-4299-ae6c-9841cb227344__1bf53759-bacc-4e16-b6c5-98e3819763ae.jpg
10586,Luana Lopes,mai,https://apmmodels.com/w/models/mai/mai-10586-luana-lopes,176,dark brown,brown,"['images/luana_lopes/thumbnail.jpg', 'images/luana_lopes/portfolio1.jpg', 'images/luana_lopes/portfolio2.jpg', 'images/luana_lopes/portfolio3.jpg', 'images/luana_lopes/portfolio4.jpg', 'images/luana_lopes/portfolio5.jpg', 'images/luana_lopes/portfolio6.jpg', 'images/luana_lopes/portfolio7.jpg', 'images/luana_lopes/portfolio8.jpg', 'images/luana_lopes/portfolio9.jpg', 'images/luana_lopes/portfolio10.jpg', 'images/luana_lopes/portfolio11.jpg', 'images/luana_lopes/portfolio12.jpg', 'images/luana_lopes/portfolio13.jpg', 'images/luana_lopes/portfolio14.jpg']",https://4598c52ed51e1bdda56a-2819a18ed12907756f28db1336cb386a.ssl.cf3.rackcdn.com/d5bf0a8f-4fb9-4175-9c13-8f65c431397c_Standard.jpg
10131,Stephanie,ima,https://apmmodels.com/w/models/ima/ima-10131-stephanie,178,blonde,hazel,"['images/stephanie/thumbnail.jpg', 'images/stephanie/portfolio1.jpg', 'images/stephanie/portfolio2.jpg', 'images/stephanie/portfolio3.jpg', 'images/stephanie/portfolio4.jpg', 'images/stephanie/portfolio5.jpg', 'images/stephanie/portfolio6.jpg', 'images/stephanie/portfolio7.jpg', 'images/stephanie/portfolio8.jpg', 'images/stephanie/portfolio9.jpg', 'images/stephanie/portfolio10.jpg', 'images/stephanie/portfolio11.jpg', 'images/stephanie/portfolio12.jpg', 'images/stephanie/portfolio13.jpg', 'images/stephanie/portfolio14.jpg']",https://4598c52ed51e1bdda56a-2819a18ed12907756f28db1336cb386a.ssl.cf3.rackcdn.com/9660e4ca-707c-487c-a863-f0aee5962978__35ebe3b4-2271-4987-8a09-4f909246b125.jpg
10546,Katie  Jacobs,dev,https://apmmodels.com/w/models/dev/dev-10546-katie-jacobs,175,black,brown,"['images/katie_jacobs/thumbnail.jpg', 'images/katie_jacobs/portfolio1.jpg', 'images/katie_jacobs/portfolio2.jpg', 'images/katie_jacobs/portfolio3.jpg', 'images/katie_jacobs/portfolio4.jpg', 'images/katie_jacobs/portfolio5.jpg', 'images/katie_jacobs/portfolio6.jpg', 'images/katie_jacobs/portfolio7.jpg', 'images/katie_jacobs/portfolio8.jpg', 'images/katie_jacobs/portfolio9.jpg', 'images/katie_jacobs/portfolio10.jpg', 'images/katie_jacobs/portfolio11.jpg', 'images/katie_jacobs/portfolio12.jpg', 'images/katie_jacobs/portfolio13.jpg', 'images/katie_jacobs/portfolio14.jpg']",https://4598c52ed51e1bdda56a-2819a18ed12907756f28db1336cb386a.ssl.cf3.rackcdn.com/d42b1187-ca93-47c7-9226-b500c36d5094_Standard.jpg
10702,Deepanjali Chaudhary,ima,https://apmmodels.com/w/models/ima/ima-10702-deepanjali-chaudhary,175,,,"['images/deepanjali_chaudhary/thumbnail.jpg', 'images/deepanjali_chaudhary/portfolio1.jpg', 'images/deepanjali_chaudhary/portfolio2.jpg', 'images/deepanjali_chaudhary/portfolio3.jpg', 'images/deepanjali_chaudhary/portfolio4.jpg', 'images/deepanjali_chaudhary/portfolio5.jpg', 'images/deepanjali_chaudhary/portfolio6.jpg', 'images/deepanjali_chaudhary/portfolio7.jpg', 'images/deepanjali_chaudhary/portfolio8.jpg', 'images/deepanjali_chaudhary/portfolio9.jpg', 'images/deepanjali_chaudhary/portfolio10.jpg', 'images/deepanjali_chaudhary/portfolio11.jpg', 'images/deepanjali_chaudhary/portfolio12.jpg', 'images/deepanjali_chaudhary/portfolio13.jpg', 'images/deepanjali_chaudhary/portfolio14.jpg']",https://4598c52ed51e1bdda56a-2819a18ed12907756f28db1336cb386a.ssl.cf3.rackcdn.com/13b85d36-8c05-4ccd-b898-5a1f2e6e0c1b_Standard.jpg
10126,Molly Gardiner,dev,https://apmmodels.com/w/models/dev/dev-10126-molly-gardiner,175,red,blue,"['images/molly_gardiner/thumbnail.jpg', 'images/molly_gardiner/portfolio1.jpg', 'images/molly_gardiner/portfolio2.jpg', 'images/molly_gardiner/portfolio3.jpg', 'images/molly_gardiner/portfolio4.jpg', 'images/molly_gardiner/portfolio5.jpg', 'images/molly_gardiner/portfolio6.jpg', 'images/molly_gardiner/portfolio7.jpg', 'images/molly_gardiner/portfolio8.jpg', 'images/molly_gardiner/portfolio9.jpg', 'images/molly_gardiner/portfolio10.jpg', 'images/molly_gardiner/portfolio11.jpg', 'images/molly_gardiner/portfolio12.jpg', 'images/molly_gardiner/portfolio13.jpg', 'images/molly_gardiner/portfolio14.jpg']",https://4598c52ed51e1bdda56a-2819a18ed12907756f28db1336cb386a.ssl.cf3.rackcdn.com/69d32dc8-3380-45ee-b97b-4259cf4d83c6__61f5fab8-6d6c-4434-8572-7a430b4a0bf0.jpg
10116,Margot Hubac,ima,https://apmmodels.com/w/models/ima/ima-10116-margot-hubac,180,brown,blue,"['images/margot_hubac/thumbnail.jpg', 'images/margot_hubac/portfolio1.jpg', 'images/margot_hubac/portfolio2.jpg', 'images/margot_hubac/portfolio3.jpg', 'images/margot_hubac/portfolio4.jpg', 'images/margot_hubac/portfolio5.jpg', 'images/margot_hubac/portfolio6.jpg', 'images/margot_hubac/portfolio7.jpg', 'images/margot_hubac/portfolio8.jpg', 'images/margot_hubac/portfolio9.jpg', 'images/margot_hubac/portfolio10.jpg', 'images/margot_hubac/portfolio11.jpg', 'images/margot_hubac/portfolio12.jpg', 'images/margot_hubac/portfolio13.jpg', 'images/margot_hubac/portfolio14.jpg']",https://4598c52ed51e1bdda56a-2819a18ed12907756f28db1336cb386a.ssl.cf3.rackcdn.com/442_ff0fa01a-b09f-4b70-a2ca-6053faf4740a.jpg
10495,Mila Moriarty,dev,https://apmmodels.com/w/models/dev/dev-10495-mila-moriarty,177,dark brown,hazel,"['images/mila_moriarty/thumbnail.jpg', 'images/mila_moriarty/portfolio1.jpg', 'images/mila_moriarty/portfolio2.jpg', 'images/mila_moriarty/portfolio3.jpg', 'images/mila_moriarty/portfolio4.jpg', 'images/mila_moriarty/portfolio5.jpg', 'images/mila_moriarty/portfolio6.jpg', 'images/mila_moriarty/portfolio7.jpg', 'images/mila_moriarty/portfolio8.jpg', 'images/mila_moriarty/portfolio9.jpg', 'images/mila_moriarty/portfolio10.jpg', 'images/mila_moriarty/portfolio11.jpg', 'images/mila_moriarty/portfolio12.jpg', 'images/mila_moriarty/portfolio13.jpg', 'images/mila_moriarty/portfolio14.jpg']",https://4598c52ed51e1bdda56a-2819a18ed12907756f28db1336cb386a.ssl.cf3.rackcdn.com/ead33d1a-2abf-4afa-9398-c20a0092d292_Standard.jpg
10184,Josie  Jablonski,mai,https://apmmodels.com/w/models/mai/mai-10184-josie-jablonski,178,dark brown,brown,"['images/josie_jablonski/thumbnail.jpg', 'images/josie_jablonski/portfolio1.jpg', 'images/josie_jablonski/portfolio2.jpg', 'images/josie_jablonski/portfolio3.jpg', 'images/josie_jablonski/portfolio4.jpg', 'images/josie_jablonski/portfolio5.jpg', 'images/josie_jablonski/portfolio6.jpg', 'images/josie_jablonski/portfolio7.jpg', 'images/josie_jablonski/portfolio8.jpg', 'images/josie_jablonski/portfolio9.jpg', 'images/josie_jablonski/portfolio10.jpg', 'images/josie_jablonski/portfolio11.jpg', 'images/josie_jablonski/portfolio12.jpg', 'images/josie_jablonski/portfolio13.jpg', 'images/josie_jablonski/portfolio14.jpg']",https://4598c52ed51e1bdda56a-2819a18ed12907756f28db1336cb386a.ssl.cf3.rackcdn.com/efdf6046-d872-4bf6-ba3b-af982d3f5986_Standard.jpg
10725,India  Sampson,dev,https://apmmodels.com/w/models/dev/dev-10725-india-sampson,183,dark brown,brown,"['images/india_sampson/thumbnail.jpg', 'images/india_sampson/portfolio1.jpg', 'images/india_sampson/portfolio2.jpg', 'images/india_sampson/portfolio3.jpg', 'images/india_sampson/portfolio4.jpg', 'images/india_sampson/portfolio5.jpg', 'images/india_sampson/portfolio6.jpg', 'images/india_sampson/portfolio7.jpg', 'images/india_sampson/portfolio8.jpg', 'images/india_sampson/portfolio9.jpg', 'images/india_sampson/portfolio10.jpg', 'images/india_sampson/portfolio11.jpg', 'images/india_sampson/portfolio12.jpg', 'images/india_sampson/portfolio13.jpg', 'images/india_sampson/portfolio14.jpg']",https://4598c52ed51e1bdda56a-2819a18ed12907756f28db1336cb386a.ssl.cf3.rackcdn.com/be46db9b-3909-49d9-81b9-bf989aedd532_Standard.jpg
10160,Victoria Arroyo,ima,https://apmmodels.com/w/models/ima/ima-10160-victoria-arroyo,179,brown,brown,"['images/victoria_arroyo/thumbnail.jpg', 'images/victoria_arroyo/portfolio1.jpg', 'images/victoria_arroyo/portfolio2.jpg', 'images/victoria_arroyo/portfolio3.jpg', 'images/victoria_arroyo/portfolio4.jpg', 'images/victoria_arroyo/portfolio5.jpg', 'images/victoria_arroyo/portfolio6.jpg', 'images/victoria_arroyo/portfolio7.jpg', 'images/victoria_arroyo/portfolio8.jpg', 'images/victoria_arroyo/portfolio9.jpg', 'images/victoria_arroyo/portfolio10.jpg', 'images/victoria_arroyo/portfolio11.jpg', 'images/victoria_arroyo/portfolio12.jpg', 'images/victoria_arroyo/portfolio13.jpg', 'images/victoria_arroyo/portfolio14.jpg']",https://4598c52ed51e1bdda56a-2819a18ed12907756f28db1336cb386a.ssl.cf3.rackcdn.com/486_e2672174-bd78-41f4-9bde-0c038d29dc90.jpg
10233,Tori  Petrovski,dev,https://apmmodels.com/w/models/dev/dev-10233-tori-petrovski,175,dark blonde,blue-green,"['images/tori_petrovski/thumbnail.jpg', 'images/tori_petrovski/portfolio1.jpg', 'images/tori_petrovski/portfolio2.jpg', 'images/tori_petrovski/portfolio3.jpg', 'images/tori_petrovski/portfolio4.jpg', 'images/tori_petrovski/portfolio5.jpg', 'images/tori_petrovski/portfolio6.jpg', 'images/tori_petrovski/portfolio7.jpg', 'images/tori_petrovski/portfolio8.jpg', 'images/tori_petrovski/portfolio9.jpg', 'images/tori_petrovski/portfolio10.jpg', 'images/tori_petrovski/portfolio11.jpg', 'images/tori_petrovski/portfolio12.jpg', 'images/tori_petrovski/portfolio13.jpg', 'images/tori_petrovski/portfolio14.jpg']",https://4598c52ed51e1bdda56a-2819a18ed12907756f28db1336cb386a.ssl.cf3.rackcdn.com/3673ebda-b6ea-481d-8294-a1b30c76ebbb_Standard.jpg
10121,Talea Josephine,mai,https://apmmodels.com/w/models/mai/mai-10121-talea-josephine,180,light brown,blue-grey,"['images/talea_josephine/thumbnail.jpg', 'images/talea_josephine/portfolio1.jpg', 'images/talea_josephine/portfolio2.jpg', 'images/talea_josephine/portfolio3.jpg', 'images/talea_josephine/portfolio4.jpg', 'images/talea_josephine/portfolio5.jpg', 'images/talea_josephine/portfolio6.jpg', 'images/talea_josephine/portfolio7.jpg', 'images/talea_josephine/portfolio8.jpg', 'images/talea_josephine/portfolio9.jpg', 'images/talea_josephine/portfolio10.jpg', 'images/talea_josephine/portfolio11.jpg', 'images/talea_josephine/portfolio12.jpg', 'images/talea_josephine/portfolio13.jpg', 'images/talea_josephine/portfolio14.jpg']",https://4598c52ed51e1bdda56a-2819a18ed12907756f28db1336cb386a.ssl.cf3.rackcdn.com/447_4aa46426-c1e2-4d10-839e-0dee13474c64.jpg
10588,Tina  Brkic,mai,https://apmmodels.com/w/models/mai/mai-10588-tina-brkic,178,dark brown,blue-green,"['images/tina_brkic/thumbnail.jpg', 'images/tina_brkic/portfolio1.jpg', 'images/tina_brkic/portfolio2.jpg', 'images/tina_brkic/portfolio3.jpg', 'images/tina_brkic/portfolio4.jpg', 'images/tina_brkic/portfolio5.jpg', 'images/tina_brkic/portfolio6.jpg', 'images/tina_brkic/portfolio7.jpg', 'images/tina_brkic/portfolio8.jpg', 'images/tina_brkic/portfolio9.jpg', 'images/tina_brkic/portfolio10.jpg', 'images/tina_brkic/portfolio11.jpg', 'images/tina_brkic/portfolio12.jpg', 'images/tina_brkic/portfolio13.jpg', 'images/tina_brkic/portfolio14.jpg']",https://4598c52ed51e1bdda56a-2819a18ed12907756f28db1336cb386a.ssl.cf3.rackcdn.com/f424593d-67f2-487a-a489-fcac43e55cc4_Standard.jpg
10501,Olivia Grace,dev,https://apmmodels.com/w/models/dev/dev-10501-olivia-grace,180,brown,brown,"['images/olivia_grace/thumbnail.jpg', 'images/olivia_grace/portfolio1.jpg', 'images/olivia_grace/portfolio2.jpg', 'images/olivia_grace/portfolio3.jpg', 'images/olivia_grace/portfolio4.jpg', 'images/olivia_grace/portfolio5.jpg', 'images/olivia_grace/portfolio6.jpg', 'images/olivia_grace/portfolio7.jpg', 'images/olivia_grace/portfolio8.jpg', 'images/olivia_grace/portfolio9.jpg', 'images/olivia_grace/portfolio10.jpg', 'images/olivia_grace/portfolio11.jpg', 'images/olivia_grace/portfolio12.jpg', 'images/olivia_grace/portfolio13.jpg', 'images/olivia_grace/portfolio14.jpg']",https://4598c52ed51e1bdda56a-2819a18ed12907756f28db1336cb386a.ssl.cf3.rackcdn.com/a3ca0903-875a-4818-846c-04f45b0d712e_Standard.jpg
10087,Abigail  Welch,ima,https://apmmodels.com/w/models/ima/ima-10087-abigail-welch,178,light brown,blue,"['images/abigail_welch/thumbnail.jpg', 'images/abigail_welch/portfolio1.jpg', 'images/abigail_welch/portfolio2.jpg', 'images/abigail_welch/portfolio3.jpg', 'images/abigail_welch/portfolio4.jpg', 'images/abigail_welch/portfolio5.jpg', 'images/abigail_welch/portfolio6.jpg', 'images/abigail_welch/portfolio7.jpg', 'images/abigail_welch/portfolio8.jpg', 'images/abigail_welch/portfolio9.jpg', 'images/abigail_welch/portfolio10.jpg', 'images/abigail_welch/portfolio11.jpg', 'images/abigail_welch/portfolio12.jpg', 'images/abigail_welch/portfolio13.jpg', 'images/abigail_welch/portfolio14.jpg']",https://4598c52ed51e1bdda56a-2819a18ed12907756f28db1336cb386a.ssl.cf3.rackcdn.com/d42a3a93-1f67-465f-aafe-f02f4a59110f_Standard.jpg
10136,Nathalia Garcia,dev,https://apmmodels.com/w/models/dev/dev-10136-nathalia-garcia,178,brown,brown,"['images/nathalia_garcia/thumbnail.jpg', 'images/nathalia_garcia/portfolio1.jpg', 'images/nathalia_garcia/portfolio2.jpg', 'images/nathalia_garcia/portfolio3.jpg', 'images/nathalia_garcia/portfolio4.jpg', 'images/nathalia_garcia/portfolio5.jpg', 'images/nathalia_garcia/portfolio6.jpg', 'images/nathalia_garcia/portfolio7.jpg', 'images/nathalia_garcia/portfolio8.jpg', 'images/nathalia_garcia/portfolio9.jpg', 'images/nathalia_garcia/portfolio10.jpg', 'images/nathalia_garcia/portfolio11.jpg', 'images/nathalia_garcia/portfolio12.jpg', 'images/nathalia_garcia/portfolio13.jpg']",https://4598c52ed51e1bdda56a-2819a18ed12907756f28db1336cb386a.ssl.cf3.rackcdn.com/462_3bd55f94-74bd-4e74-855b-8498f6b98385.jpg
9970,Cierra Creer,mai,https://apmmodels.com/w/models/mai/mai-9970-cierra-creer,174,brown,hazel,"['images/cierra_creer/thumbnail.jpg', 'images/cierra_creer/portfolio1.jpg', 'images/cierra_creer/portfolio2.jpg', 'images/cierra_creer/portfolio3.jpg', 'images/cierra_creer/portfolio4.jpg', 'images/cierra_creer/portfolio5.jpg', 'images/cierra_creer/portfolio6.jpg', 'images/cierra_creer/portfolio7.jpg', 'images/cierra_creer/portfolio8.jpg', 'images/cierra_creer/portfolio9.jpg', 'images/cierra_creer/portfolio10.jpg', 'images/cierra_creer/portfolio11.jpg', 'images/cierra_creer/portfolio12.jpg', 'images/cierra_creer/portfolio13.jpg', 'images/cierra_creer/portfolio14.jpg']",https://4598c52ed51e1bdda56a-2819a18ed12907756f28db1336cb386a.ssl.cf3.rackcdn.com/bdd0e8a7-2088-4f30-8e64-5f5ff0a5eebf_Standard.jpg
10073,Sarennya,dev,https://apmmodels.com/w/models/dev/dev-10073-sarennya,168,dark brown,brown,"['images/sarennya/thumbnail.jpg', 'images/sarennya/portfolio1.jpg', 'images/sarennya/portfolio2.jpg', 'images/sarennya/portfolio3.jpg', 'images/sarennya/portfolio4.jpg', 'images/sarennya/portfolio5.jpg', 'images/sarennya/portfolio6.jpg', 'images/sarennya/portfolio7.jpg', 'images/sarennya/portfolio8.jpg', 'images/sarennya/portfolio9.jpg', 'images/sarennya/portfolio10.jpg', 'images/sarennya/portfolio11.jpg', 'images/sarennya/portfolio12.jpg', 'images/sarennya/portfolio13.jpg', 'images/sarennya/portfolio14.jpg']",https://4598c52ed51e1bdda56a-2819a18ed12907756f28db1336cb386a.ssl.cf3.rackcdn.com/399_b9e41caf-65f7-4351-ac28-ad409b872d2b.jpg
10600,Suze Esval,dev,https://apmmodels.com/w/models/dev/dev-10600-suze-esval,179,blonde,blue,"['images/suze_esval/thumbnail.jpg', 'images/suze_esval/portfolio1.jpg', 'images/suze_esval/portfolio2.jpg', 'images/suze_esval/portfolio3.jpg', 'images/suze_esval/portfolio4.jpg', 'images/suze_esval/portfolio5.jpg', 'images/suze_esval/portfolio6.jpg', 'images/suze_esval/portfolio7.jpg', 'images/suze_esval/portfolio8.jpg', 'images/suze_esval/portfolio9.jpg', 'images/suze_esval/portfolio10.jpg', 'images/suze_esval/portfolio11.jpg', 'images/suze_esval/portfolio12.jpg', 'images/suze_esval/portfolio13.jpg', 'images/suze_esval/portfolio14.jpg']",https://4598c52ed51e1bdda56a-2819a18ed12907756f28db1336cb386a.ssl.cf3.rackcdn.com/9ab6ec0e-1709-459e-84d0-73f98c096fde_Standard.jpg
10134,Gillian Dittmer,mai,https://apmmodels.com/w/models/mai/mai-10134-gillian-dittmer,177,blonde,blue,"['images/gillian_dittmer/thumbnail.jpg', 'images/gillian_dittmer/portfolio1.jpg', 'images/gillian_dittmer/portfolio2.jpg', 'images/gillian_dittmer/portfolio3.jpg', 'images/gillian_dittmer/portfolio4.jpg', 'images/gillian_dittmer/portfolio5.jpg', 'images/gillian_dittmer/portfolio6.jpg', 'images/gillian_dittmer/portfolio7.jpg', 'images/gillian_dittmer/portfolio8.jpg', 'images/gillian_dittmer/portfolio9.jpg', 'images/gillian_dittmer/portfolio10.jpg', 'images/gillian_dittmer/portfolio11.jpg', 'images/gillian_dittmer/portfolio12.jpg', 'images/gillian_dittmer/portfolio13.jpg', 'images/gillian_dittmer/portfolio14.jpg']",https://4598c52ed51e1bdda56a-2819a18ed12907756f28db1336cb386a.ssl.cf3.rackcdn.com/ab6c32e5-94cd-40cd-97f2-392c2ac141f1__d15f76e9-18b1-4d58-b468-ba94fd98ea2f.jpg
10685,Pauline Camille,dev,https://apmmodels.com/w/models/dev/dev-10685-pauline-camille,173,dark brown,brown,"['images/pauline_camille/thumbnail.jpg', 'images/pauline_camille/portfolio1.jpg', 'images/pauline_camille/portfolio2.jpg', 'images/pauline_camille/portfolio3.jpg', 'images/pauline_camille/portfolio4.jpg', 'images/pauline_camille/portfolio5.jpg', 'images/pauline_camille/portfolio6.jpg', 'images/pauline_camille/portfolio7.jpg', 'images/pauline_camille/portfolio8.jpg', 'images/pauline_camille/portfolio9.jpg', 'images/pauline_camille/portfolio10.jpg', 'images/pauline_camille/portfolio11.jpg', 'images/pauline_camille/portfolio12.jpg', 'images/pauline_camille/portfolio13.jpg', 'images/pauline_camille/portfolio14.jpg']",https://4598c52ed51e1bdda56a-2819a18ed12907756f28db1336cb386a.ssl.cf3.rackcdn.com/7f3721b7-226c-4340-a7b6-dfd493cada8c__eb2cb646-b8d9-4850-8e73-d5a021b17556.jpg
10765,Christine  Amoako,dev,https://apmmodels.com/w/models/dev/dev-10765-christine-amoako,175,black,brown,"['images/christine_amoako/thumbnail.jpg', 'images/christine_amoako/portfolio1.jpg', 'images/christine_amoako/portfolio2.jpg', 'images/christine_amoako/portfolio3.jpg', 'images/christine_amoako/portfolio4.jpg', 'images/christine_amoako/portfolio5.jpg', 'images/christine_amoako/portfolio6.jpg', 'images/christine_amoako/portfolio7.jpg', 'images/christine_amoako/portfolio8.jpg', 'images/christine_amoako/portfolio9.jpg', 'images/christine_amoako/portfolio10.jpg', 'images/christine_amoako/portfolio11.jpg', 'images/christine_amoako/portfolio12.jpg', 'images/christine_amoako/portfolio13.jpg']",https://4598c52ed51e1bdda56a-2819a18ed12907756f28db1336cb386a.ssl.cf3.rackcdn.com/8c60a5bb-09d4-49db-b758-c1e7088a0fca_Standard.jpg
10436,Sofia  Japal,dev,https://apmmodels.com/w/models/dev/dev-10436-sofia-japal,175,brown,brown,"['images/sofia_japal/thumbnail.jpg', 'images/sofia_japal/portfolio1.jpg', 'images/sofia_japal/portfolio2.jpg', 'images/sofia_japal/portfolio3.jpg', 'images/sofia_japal/portfolio4.jpg', 'images/sofia_japal/portfolio5.jpg', 'images/sofia_japal/portfolio6.jpg', 'images/sofia_japal/portfolio7.jpg', 'images/sofia_japal/portfolio8.jpg', 'images/sofia_japal/portfolio9.jpg', 'images/sofia_japal/portfolio10.jpg', 'images/sofia_japal/portfolio11.jpg', 'images/sofia_japal/portfolio12.jpg', 'images/sofia_japal/portfolio13.jpg', 'images/sofia_japal/portfolio14.jpg']",https://4598c52ed51e1bdda56a-2819a18ed12907756f28db1336cb386a.ssl.cf3.rackcdn.com/cc7e7c6b-7b8e-40d6-8cf2-74ab434279f1_Standard.jpg
10120,Nes,ima,https://apmmodels.com/w/models/ima/ima-10120-nes,174,brown,green,"['images/nes/thumbnail.jpg', 'images/nes/portfolio1.jpg', 'images/nes/portfolio2.jpg', 'images/nes/portfolio3.jpg', 'images/nes/portfolio4.jpg', 'images/nes/portfolio5.jpg', 'images/nes/portfolio6.jpg', 'images/nes/portfolio7.jpg', 'images/nes/portfolio8.jpg', 'images/nes/portfolio9.jpg', 'images/nes/portfolio10.jpg', 'images/nes/portfolio11.jpg', 'images/nes/portfolio12.jpg', 'images/nes/portfolio13.jpg', 'images/nes/portfolio14.jpg']",https://4598c52ed51e1bdda56a-2819a18ed12907756f28db1336cb386a.ssl.cf3.rackcdn.com/446_ef954094-ea0f-4763-9d62-655d4e8602c9.jpg
10049,Bridie Kamoen,mai,https://apmmodels.com/w/models/mai/mai-10049-bridie-kamoen,174,light brown,blue,"['images/bridie_kamoen/thumbnail.jpg', 'images/bridie_kamoen/portfolio1.jpg', 'images/bridie_kamoen/portfolio2.jpg', 'images/bridie_kamoen/portfolio3.jpg', 'images/bridie_kamoen/portfolio4.jpg', 'images/bridie_kamoen/portfolio5.jpg', 'images/bridie_kamoen/portfolio6.jpg', 'images/bridie_kamoen/portfolio7.jpg', 'images/bridie_kamoen/portfolio8.jpg', 'images/bridie_kamoen/portfolio9.jpg', 'images/bridie_kamoen/portfolio10.jpg', 'images/bridie_kamoen/portfolio11.jpg', 'images/bridie_kamoen/portfolio12.jpg', 'images/bridie_kamoen/portfolio13.jpg', 'images/bridie_kamoen/portfolio14.jpg']",https://4598c52ed51e1bdda56a-2819a18ed12907756f28db1336cb386a.ssl.cf3.rackcdn.com/edd17a30-b4ad-4310-8d7f-2f688c06b239_Standard.jpg
10159,Sophia  Passantino,dev,https://apmmodels.com/w/models/dev/dev-10159-sophia-passantino,178,blonde,hazel,"['images/sophia_passantino/thumbnail.jpg', 'images/sophia_passantino/portfolio1.jpg', 'images/sophia_passantino/portfolio2.jpg', 'images/sophia_passantino/portfolio3.jpg', 'images/sophia_passantino/portfolio4.jpg', 'images/sophia_passantino/portfolio5.jpg', 'images/sophia_passantino/portfolio6.jpg', 'images/sophia_passantino/portfolio7.jpg', 'images/sophia_passantino/portfolio8.jpg', 'images/sophia_passantino/portfolio9.jpg', 'images/sophia_passantino/portfolio10.jpg', 'images/sophia_passantino/portfolio11.jpg', 'images/sophia_passantino/portfolio12.jpg', 'images/sophia_passantino/portfolio13.jpg', 'images/sophia_passantino/portfolio14.jpg']",https://4598c52ed51e1bdda56a-2819a18ed12907756f28db1336cb386a.ssl.cf3.rackcdn.com/2d77ea5d-291d-47b8-9954-755e22c91ced_Standard.jpg
10154,Hadiatu  Jalloh,dev,https://apmmodels.com/w/models/dev/dev-10154-hadiatu-jalloh,180,black,brown,"['images/hadiatu_jalloh/thumbnail.jpg', 'images/hadiatu_jalloh/portfolio1.jpg', 'images/hadiatu_jalloh/portfolio2.jpg', 'images/hadiatu_jalloh/portfolio3.jpg', 'images/hadiatu_jalloh/portfolio4.jpg', 'images/hadiatu_jalloh/portfolio5.jpg', 'images/hadiatu_jalloh/portfolio6.jpg', 'images/hadiatu_jalloh/portfolio7.jpg', 'images/hadiatu_jalloh/portfolio8.jpg', 'images/hadiatu_jalloh/portfolio9.jpg', 'images/hadiatu_jalloh/portfolio10.jpg', 'images/hadiatu_jalloh/portfolio11.jpg', 'images/hadiatu_jalloh/portfolio12.jpg', 'images/hadiatu_jalloh/portfolio13.jpg', 'images/hadiatu_jalloh/portfolio14.jpg']",https://4598c52ed51e1bdda56a-2819a18ed12907756f28db1336cb386a.ssl.cf3.rackcdn.com/5ca6c446-ec79-4f40-9182-5e10def7c53a_Standard.jpg
10665,Boyka Matova,ima,https://apmmodels.com/w/models/ima/ima-10665-boyka-matova,175,brown,hazel,"['images/boyka_matova/thumbnail.jpg', 'images/boyka_matova/portfolio1.jpg', 'images/boyka_matova/portfolio2.jpg', 'images/boyka_matova/portfolio3.jpg', 'images/boyka_matova/portfolio4.jpg', 'images/boyka_matova/portfolio5.jpg', 'images/boyka_matova/portfolio6.jpg', 'images/boyka_matova/portfolio7.jpg', 'images/boyka_matova/portfolio8.jpg', 'images/boyka_matova/portfolio9.jpg', 'images/boyka_matova/portfolio10.jpg', 'images/boyka_matova/portfolio11.jpg', 'images/boyka_matova/portfolio12.jpg', 'images/boyka_matova/portfolio13.jpg', 'images/boyka_matova/portfolio14.jpg']",https://4598c52ed51e1bdda56a-2819a18ed12907756f28db1336cb386a.ssl.cf3.rackcdn.com/e0117070-9eb2-47ec-9323-3153f704d85f_Standard.jpg
10151,Grace Liu,mai,https://apmmodels.com/w/models/mai/mai-10151-grace-liu,175,black,brown,"['images/grace_liu/thumbnail.jpg', 'images/grace_liu/portfolio1.jpg', 'images/grace_liu/portfolio2.jpg', 'images/grace_liu/portfolio3.jpg', 'images/grace_liu/portfolio4.jpg', 'images/grace_liu/portfolio5.jpg', 'images/grace_liu/portfolio6.jpg', 'images/grace_liu/portfolio7.jpg', 'images/grace_liu/portfolio8.jpg', 'images/grace_liu/portfolio9.jpg', 'images/grace_liu/portfolio10.jpg', 'images/grace_liu/portfolio11.jpg', 'images/grace_liu/portfolio12.jpg', 'images/grace_liu/portfolio13.jpg', 'images/grace_liu/portfolio14.jpg']",https://4598c52ed51e1bdda56a-2819a18ed12907756f28db1336cb386a.ssl.cf3.rackcdn.com/df09d452-1a1f-4e11-9ad6-c4215fe6a207_Standard.jpg
9832,Giwa Huang,mai,https://apmmodels.com/w/models/mai/mai-9832-giwa-huang,173,black,brown,"['images/giwa_huang/thumbnail.jpg', 'images/giwa_huang/portfolio1.jpg', 'images/giwa_huang/portfolio2.jpg', 'images/giwa_huang/portfolio3.jpg', 'images/giwa_huang/portfolio4.jpg', 'images/giwa_huang/portfolio5.jpg', 'images/giwa_huang/portfolio6.jpg', 'images/giwa_huang/portfolio7.jpg', 'images/giwa_huang/portfolio8.jpg', 'images/giwa_huang/portfolio9.jpg', 'images/giwa_huang/portfolio10.jpg', 'images/giwa_huang/portfolio11.jpg', 'images/giwa_huang/portfolio12.jpg', 'images/giwa_huang/portfolio13.jpg', 'images/giwa_huang/portfolio14.jpg']",https://4598c52ed51e1bdda56a-2819a18ed12907756f28db1336cb386a.ssl.cf3.rackcdn.com/158_1e421104-409b-4d3b-948a-6598b70295d4.jpg
10152,Simone Theunissen,mai,https://apmmodels.com/w/models/mai/mai-10152-simone-theunissen,173,brown,brown,"['images/simone_theunissen/thumbnail.jpg', 'images/simone_theunissen/portfolio1.jpg', 'images/simone_theunissen/portfolio2.jpg', 'images/simone_theunissen/portfolio3.jpg', 'images/simone_theunissen/portfolio4.jpg', 'images/simone_theunissen/portfolio5.jpg', 'images/simone_theunissen/portfolio6.jpg', 'images/simone_theunissen/portfolio7.jpg', 'images/simone_theunissen/portfolio8.jpg', 'images/simone_theunissen/portfolio9.jpg', 'images/simone_theunissen/portfolio10.jpg', 'images/simone_theunissen/portfolio11.jpg', 'images/simone_theunissen/portfolio12.jpg', 'images/simone_theunissen/portfolio13.jpg', 'images/simone_theunissen/portfolio14.jpg']",https://4598c52ed51e1bdda56a-2819a18ed12907756f28db1336cb386a.ssl.cf3.rackcdn.com/1d327402-979f-44c3-a9b1-4535d4f7bcb4_Standard.jpg
9694,Elliana Gran,mai,https://apmmodels.com/w/models/mai/mai-9694-elliana-gran,180,brown,hazel,"['images/elliana_gran/thumbnail.jpg', 'images/elliana_gran/portfolio1.jpg', 'images/elliana_gran/portfolio2.jpg', 'images/elliana_gran/portfolio3.jpg', 'images/elliana_gran/portfolio4.jpg', 'images/elliana_gran/portfolio5.jpg', 'images/elliana_gran/portfolio6.jpg', 'images/elliana_gran/portfolio7.jpg', 'images/elliana_gran/portfolio8.jpg', 'images/elliana_gran/portfolio9.jpg', 'images/elliana_gran/portfolio10.jpg', 'images/elliana_gran/portfolio11.jpg', 'images/elliana_gran/portfolio12.jpg', 'images/elliana_gran/portfolio13.jpg', 'images/elliana_gran/portfolio14.jpg']",https://4598c52ed51e1bdda56a-2819a18ed12907756f28db1336cb386a.ssl.cf3.rackcdn.com/7e94ebd4-0cbf-4b95-8547-65de675bcea7_Standard.jpg
10114,Amrita Palahey,mai,https://apmmodels.com/w/models/mai/mai-10114-amrita-palahey,175,dark brown,brown,"['images/amrita_palahey/thumbnail.jpg', 'images/amrita_palahey/portfolio1.jpg', 'images/amrita_palahey/portfolio2.jpg', 'images/amrita_palahey/portfolio3.jpg', 'images/amrita_palahey/portfolio4.jpg', 'images/amrita_palahey/portfolio5.jpg', 'images/amrita_palahey/portfolio6.jpg', 'images/amrita_palahey/portfolio7.jpg', 'images/amrita_palahey/portfolio8.jpg', 'images/amrita_palahey/portfolio9.jpg', 'images/amrita_palahey/portfolio10.jpg', 'images/amrita_palahey/portfolio11.jpg', 'images/amrita_palahey/portfolio12.jpg', 'images/amrita_palahey/portfolio13.jpg', 'images/amrita_palahey/portfolio14.jpg']",https://4598c52ed51e1bdda56a-2819a18ed12907756f28db1336cb386a.ssl.cf3.rackcdn.com/0912e512-f9c6-420f-a888-48047eb88431_Standard.jpg
10096,Iyana Gibson,dev,https://apmmodels.com/w/models/dev/dev-10096-iyana-gibson,165,dark blonde,hazel,"['images/iyana_gibson/thumbnail.jpg', 'images/iyana_gibson/portfolio1.jpg', 'images/iyana_gibson/portfolio2.jpg', 'images/iyana_gibson/portfolio3.jpg', 'images/iyana_gibson/portfolio4.jpg', 'images/iyana_gibson/portfolio5.jpg', 'images/iyana_gibson/portfolio6.jpg', 'images/iyana_gibson/portfolio7.jpg', 'images/iyana_gibson/portfolio8.jpg', 'images/iyana_gibson/portfolio9.jpg', 'images/iyana_gibson/portfolio10.jpg', 'images/iyana_gibson/portfolio11.jpg', 'images/iyana_gibson/portfolio12.jpg', 'images/iyana_gibson/portfolio13.jpg', 'images/iyana_gibson/portfolio14.jpg']",https://4598c52ed51e1bdda56a-2819a18ed12907756f28db1336cb386a.ssl.cf3.rackcdn.com/422_dc8fa7d0-9b98-4837-8b13-801b8a734d8c.jpg
10055,Josie Fetters,mai,https://apmmodels.com/w/models/mai/mai-10055-josie-fetters,175,brown,brown,"['images/josie_fetters/thumbnail.jpg', 'images/josie_fetters/portfolio1.jpg', 'images/josie_fetters/portfolio2.jpg', 'images/josie_fetters/portfolio3.jpg', 'images/josie_fetters/portfolio4.jpg', 'images/josie_fetters/portfolio5.jpg', 'images/josie_fetters/portfolio6.jpg', 'images/josie_fetters/portfolio7.jpg', 'images/josie_fetters/portfolio8.jpg', 'images/josie_fetters/portfolio9.jpg', 'images/josie_fetters/portfolio10.jpg', 'images/josie_fetters/portfolio11.jpg', 'images/josie_fetters/portfolio12.jpg', 'images/josie_fetters/portfolio13.jpg', 'images/josie_fetters/portfolio14.jpg']",https://4598c52ed51e1bdda56a-2819a18ed12907756f28db1336cb386a.ssl.cf3.rackcdn.com/cbfb85d9-9ff6-4854-9c29-4d8e66378c8c_Standard.jpg
10743,Carmen Solomons,mai,https://apmmodels.com/w/models/mai/mai-10743-carmen-solomons,173,,,"['images/carmen_solomons/thumbnail.jpg', 'images/carmen_solomons/portfolio1.jpg', 'images/carmen_solomons/portfolio2.jpg', 'images/carmen_solomons/portfolio3.jpg', 'images/carmen_solomons/portfolio4.jpg', 'images/carmen_solomons/portfolio5.jpg', 'images/carmen_solomons/portfolio6.jpg', 'images/carmen_solomons/portfolio7.jpg', 'images/carmen_solomons/portfolio8.jpg', 'images/carmen_solomons/portfolio9.jpg', 'images/carmen_solomons/portfolio10.jpg', 'images/carmen_solomons/portfolio11.jpg', 'images/carmen_solomons/portfolio12.jpg', 'images/carmen_solomons/portfolio13.jpg', 'images/carmen_solomons/portfolio14.jpg']",https://4598c52ed51e1bdda56a-2819a18ed12907756f28db1336cb386a.ssl.cf3.rackcdn.com/236b82c3-f896-4d44-bee2-b53fa55cbc3f_Standard.jpg
9923,Morgan Fletchall,mai,https://apmmodels.com/w/models/mai/mai-9923-morgan-fletchall,180,blonde,blue,"['images/morgan_fletchall/thumbnail.jpg', 'images/morgan_fletchall/portfolio1.jpg', 'images/morgan_fletchall/portfolio2.jpg', 'images/morgan_fletchall/portfolio3.jpg', 'images/morgan_fletchall/portfolio4.jpg', 'images/morgan_fletchall/portfolio5.jpg', 'images/morgan_fletchall/portfolio6.jpg', 'images/morgan_fletchall/portfolio7.jpg', 'images/morgan_fletchall/portfolio8.jpg', 'images/morgan_fletchall/portfolio9.jpg', 'images/morgan_fletchall/portfolio10.jpg', 'images/morgan_fletchall/portfolio11.jpg', 'images/morgan_fletchall/portfolio12.jpg', 'images/morgan_fletchall/portfolio13.jpg', 'images/morgan_fletchall/portfolio14.jpg']",https://4598c52ed51e1bdda56a-2819a18ed12907756f28db1336cb386a.ssl.cf3.rackcdn.com/0bdeba7b-751b-4736-a5e7-07c9f766885b__3816a6c1-c0f1-4c49-878b-e2b4177a7380.jpg
10496,Avary Hutzelman,dev,https://apmmodels.com/w/models/dev/dev-10496-avary-hutzelman,175,brown,blue,"['images/avary_hutzelman/thumbnail.jpg', 'images/avary_hutzelman/portfolio1.jpg', 'images/avary_hutzelman/portfolio2.jpg', 'images/avary_hutzelman/portfolio3.jpg', 'images/avary_hutzelman/portfolio4.jpg', 'images/avary_hutzelman/portfolio5.jpg', 'images/avary_hutzelman/portfolio6.jpg', 'images/avary_hutzelman/portfolio7.jpg', 'images/avary_hutzelman/portfolio8.jpg', 'images/avary_hutzelman/portfolio9.jpg', 'images/avary_hutzelman/portfolio10.jpg', 'images/avary_hutzelman/portfolio11.jpg', 'images/avary_hutzelman/portfolio12.jpg', 'images/avary_hutzelman/portfolio13.jpg', 'images/avary_hutzelman/portfolio14.jpg']",https://4598c52ed51e1bdda56a-2819a18ed12907756f28db1336cb386a.ssl.cf3.rackcdn.com/5ad58937-a884-4ba9-98b1-8a2ba141bb9f_Standard.jpg
10115,Ugochi Egonu,dev,https://apmmodels.com/w/models/dev/dev-10115-ugochi-egonu,173,blonde,brown,"['images/ugochi_egonu/thumbnail.jpg', 'images/ugochi_egonu/portfolio1.jpg', 'images/ugochi_egonu/portfolio2.jpg', 'images/ugochi_egonu/portfolio3.jpg', 'images/ugochi_egonu/portfolio4.jpg', 'images/ugochi_egonu/portfolio5.jpg', 'images/ugochi_egonu/portfolio6.jpg', 'images/ugochi_egonu/portfolio7.jpg', 'images/ugochi_egonu/portfolio8.jpg', 'images/ugochi_egonu/portfolio9.jpg', 'images/ugochi_egonu/portfolio10.jpg', 'images/ugochi_egonu/portfolio11.jpg', 'images/ugochi_egonu/portfolio12.jpg', 'images/ugochi_egonu/portfolio13.jpg', 'images/ugochi_egonu/portfolio14.jpg']",https://4598c52ed51e1bdda56a-2819a18ed12907756f28db1336cb386a.ssl.cf3.rackcdn.com/441_2176100a-585e-41f8-9e3d-580ff85319cb.jpg
10139,Fely Duchemin,dev,https://apmmodels.com/w/models/dev/dev-10139-fely-duchemin,178,brown,brown,"['images/fely_duchemin/thumbnail.jpg', 'images/fely_duchemin/portfolio1.jpg', 'images/fely_duchemin/portfolio2.jpg', 'images/fely_duchemin/portfolio3.jpg', 'images/fely_duchemin/portfolio4.jpg', 'images/fely_duchemin/portfolio5.jpg', 'images/fely_duchemin/portfolio6.jpg', 'images/fely_duchemin/portfolio7.jpg', 'images/fely_duchemin/portfolio8.jpg', 'images/fely_duchemin/portfolio9.jpg', 'images/fely_duchemin/portfolio10.jpg', 'images/fely_duchemin/portfolio11.jpg', 'images/fely_duchemin/portfolio12.jpg', 'images/fely_duchemin/portfolio13.jpg', 'images/fely_duchemin/portfolio14.jpg']",https://4598c52ed51e1bdda56a-2819a18ed12907756f28db1336cb386a.ssl.cf3.rackcdn.com/3d721e9b-a19f-4b73-bff7-1ba137a15821_Standard.jpg
10052,Gray Harris,dev,https://apmmodels.com/w/models/dev/dev-10052-gray-harris,175,blonde,blue,"['images/gray_harris/thumbnail.jpg', 'images/gray_harris/portfolio1.jpg', 'images/gray_harris/portfolio2.jpg', 'images/gray_harris/portfolio3.jpg', 'images/gray_harris/portfolio4.jpg', 'images/gray_harris/portfolio5.jpg', 'images/gray_harris/portfolio6.jpg', 'images/gray_harris/portfolio7.jpg', 'images/gray_harris/portfolio8.jpg', 'images/gray_harris/portfolio9.jpg', 'images/gray_harris/portfolio10.jpg', 'images/gray_harris/portfolio11.jpg', 'images/gray_harris/portfolio12.jpg', 'images/gray_harris/portfolio13.jpg', 'images/gray_harris/portfolio14.jpg']",https://4598c52ed51e1bdda56a-2819a18ed12907756f28db1336cb386a.ssl.cf3.rackcdn.com/b7d7bee9-5859-4c44-b0b9-4a3b6b14fe86_Standard.jpg
10247,Kylie  Wilkens,mai,https://apmmodels.com/w/models/mai/mai-10247-kylie-wilkens,180,brown,green,"['images/kylie_wilkens/thumbnail.jpg', 'images/kylie_wilkens/portfolio1.jpg', 'images/kylie_wilkens/portfolio2.jpg', 'images/kylie_wilkens/portfolio3.jpg', 'images/kylie_wilkens/portfolio4.jpg', 'images/kylie_wilkens/portfolio5.jpg', 'images/kylie_wilkens/portfolio6.jpg', 'images/kylie_wilkens/portfolio7.jpg', 'images/kylie_wilkens/portfolio8.jpg', 'images/kylie_wilkens/portfolio9.jpg', 'images/kylie_wilkens/portfolio10.jpg', 'images/kylie_wilkens/portfolio11.jpg', 'images/kylie_wilkens/portfolio12.jpg', 'images/kylie_wilkens/portfolio13.jpg', 'images/kylie_wilkens/portfolio14.jpg']",https://4598c52ed51e1bdda56a-2819a18ed12907756f28db1336cb386a.ssl.cf3.rackcdn.com/e8b78527-d870-4d2b-9a85-93d76ae2295d_Standard.jpg
9902,Clémentine  Balcaen,ima,https://apmmodels.com/w/models/ima/ima-9902-clémentine-balcaen,175,red,brown,"['images/clémentine_balcaen/thumbnail.jpg', 'images/clémentine_balcaen/portfolio1.jpg', 'images/clémentine_balcaen/portfolio2.jpg', 'images/clémentine_balcaen/portfolio3.jpg', 'images/clémentine_balcaen/portfolio4.jpg', 'images/clémentine_balcaen/portfolio5.jpg', 'images/clémentine_balcaen/portfolio6.jpg', 'images/clémentine_balcaen/portfolio7.jpg', 'images/clémentine_balcaen/portfolio8.jpg', 'images/clémentine_balcaen/portfolio9.jpg', 'images/clémentine_balcaen/portfolio10.jpg', 'images/clémentine_balcaen/portfolio11.jpg', 'images/clémentine_balcaen/portfolio12.jpg', 'images/clémentine_balcaen/portfolio13.jpg', 'images/clémentine_balcaen/portfolio14.jpg']",https://4598c52ed51e1bdda56a-2819a18ed12907756f28db1336cb386a.ssl.cf3.rackcdn.com/228_d7df988d-97c1-4428-9c19-b711d05d9e9f.jpg
10141,Anna Stratton,dev,https://apmmodels.com/w/models/dev/dev-10141-anna-stratton,180,brown,brown,"['images/anna_stratton/thumbnail.jpg', 'images/anna_stratton/portfolio1.jpg', 'images/anna_stratton/portfolio2.jpg', 'images/anna_stratton/portfolio3.jpg', 'images/anna_stratton/portfolio4.jpg', 'images/anna_stratton/portfolio5.jpg', 'images/anna_stratton/portfolio6.jpg', 'images/anna_stratton/portfolio7.jpg', 'images/anna_stratton/portfolio8.jpg', 'images/anna_stratton/portfolio9.jpg', 'images/anna_stratton/portfolio10.jpg', 'images/anna_stratton/portfolio11.jpg', 'images/anna_stratton/portfolio12.jpg', 'images/anna_stratton/portfolio13.jpg', 'images/anna_stratton/portfolio14.jpg']",https://4598c52ed51e1bdda56a-2819a18ed12907756f28db1336cb386a.ssl.cf3.rackcdn.com/65ca35d2-8ede-47e0-99a4-9a39afca0b04_Standard.jpg
10041,Melissa Ramirez,mai,https://apmmodels.com/w/models/mai/mai-10041-melissa-ramirez,165,dark brown,brown,"['images/melissa_ramirez/thumbnail.jpg', 'images/melissa_ramirez/portfolio1.jpg', 'images/melissa_ramirez/portfolio2.jpg', 'images/melissa_ramirez/portfolio3.jpg', 'images/melissa_ramirez/portfolio4.jpg', 'images/melissa_ramirez/portfolio5.jpg', 'images/melissa_ramirez/portfolio6.jpg', 'images/melissa_ramirez/portfolio7.jpg', 'images/melissa_ramirez/portfolio8.jpg', 'images/melissa_ramirez/portfolio9.jpg', 'images/melissa_ramirez/portfolio10.jpg', 'images/melissa_ramirez/portfolio11.jpg', 'images/melissa_ramirez/portfolio12.jpg', 'images/melissa_ramirez/portfolio13.jpg', 'images/melissa_ramirez/portfolio14.jpg']",https://4598c52ed51e1bdda56a-2819a18ed12907756f28db1336cb386a.ssl.cf3.rackcdn.com/367_5eda02f3-2f6e-4127-a43c-62d1bdc1b8ed.jpg
10742,Skye  Bruan,mai,https://apmmodels.com/w/models/mai/mai-10742-skye-bruan,180,brown,brown,"['images/skye_bruan/thumbnail.jpg', 'images/skye_bruan/portfolio1.jpg', 'images/skye_bruan/portfolio2.jpg', 'images/skye_bruan/portfolio3.jpg', 'images/skye_bruan/portfolio4.jpg', 'images/skye_bruan/portfolio5.jpg', 'images/skye_bruan/portfolio6.jpg', 'images/skye_bruan/portfolio7.jpg', 'images/skye_bruan/portfolio8.jpg', 'images/skye_bruan/portfolio9.jpg', 'images/skye_bruan/portfolio10.jpg', 'images/skye_bruan/portfolio11.jpg', 'images/skye_bruan/portfolio12.jpg', 'images/skye_bruan/portfolio13.jpg', 'images/skye_bruan/portfolio14.jpg']",https://4598c52ed51e1bdda56a-2819a18ed12907756f28db1336cb386a.ssl.cf3.rackcdn.com/3c7f9485-34d5-47b0-8b56-63d599e34f90_Standard.jpg
10156,Madeline  Sawyer,dev,https://apmmodels.com/w/models/dev/dev-10156-madeline-sawyer,175,light brown,brown,"['images/madeline_sawyer/thumbnail.jpg', 'images/madeline_sawyer/portfolio1.jpg', 'images/madeline_sawyer/portfolio2.jpg', 'images/madeline_sawyer/portfolio3.jpg', 'images/madeline_sawyer/portfolio4.jpg', 'images/madeline_sawyer/portfolio5.jpg', 'images/madeline_sawyer/portfolio6.jpg', 'images/madeline_sawyer/portfolio7.jpg', 'images/madeline_sawyer/portfolio8.jpg', 'images/madeline_sawyer/portfolio9.jpg', 'images/madeline_sawyer/portfolio10.jpg', 'images/madeline_sawyer/portfolio11.jpg', 'images/madeline_sawyer/portfolio12.jpg', 'images/madeline_sawyer/portfolio13.jpg', 'images/madeline_sawyer/portfolio14.jpg']",https://4598c52ed51e1bdda56a-2819a18ed12907756f28db1336cb386a.ssl.cf3.rackcdn.com/c178a0ea-6467-4bbc-8547-1716f28ca644__8bbb5a3c-3ab9-42d0-b244-9a1b1660e6ac.jpg
10168,MALAK Idrissi,dev,https://apmmodels.com/w/models/dev/dev-10168-malak-idrissi,173,black,brown,"['images/malak_idrissi/thumbnail.jpg', 'images/malak_idrissi/portfolio1.jpg', 'images/malak_idrissi/portfolio2.jpg', 'images/malak_idrissi/portfolio3.jpg', 'images/malak_idrissi/portfolio4.jpg', 'images/malak_idrissi/portfolio5.jpg', 'images/malak_idrissi/portfolio6.jpg', 'images/malak_idrissi/portfolio7.jpg', 'images/malak_idrissi/portfolio8.jpg', 'images/malak_idrissi/portfolio9.jpg', 'images/malak_idrissi/portfolio10.jpg', 'images/malak_idrissi/portfolio11.jpg', 'images/malak_idrissi/portfolio12.jpg', 'images/malak_idrissi/portfolio13.jpg', 'images/malak_idrissi/portfolio14.jpg']",https://4598c52ed51e1bdda56a-2819a18ed12907756f28db1336cb386a.ssl.cf3.rackcdn.com/b4084aae-e57e-4dd1-99e5-9de5c878a8d2_Standard.jpg
10650,MI'JON WOODS,ima,https://apmmodels.com/w/models/ima/ima-10650-mi,182,dark brown,black,"['images/mijon_woods/thumbnail.jpg', 'images/mijon_woods/portfolio1.jpg', 'images/mijon_woods/portfolio2.jpg', 'images/mijon_woods/portfolio3.jpg', 'images/mijon_woods/portfolio4.jpg', 'images/mijon_woods/portfolio5.jpg', 'images/mijon_woods/portfolio6.jpg', 'images/mijon_woods/portfolio7.jpg', 'images/mijon_woods/portfolio8.jpg', 'images/mijon_woods/portfolio9.jpg', 'images/mijon_woods/portfolio10.jpg', 'images/mijon_woods/portfolio11.jpg', 'images/mijon_woods/portfolio12.jpg', 'images/mijon_woods/portfolio13.jpg', 'images/mijon_woods/portfolio14.jpg']",https://4598c52ed51e1bdda56a-2819a18ed12907756f28db1336cb386a.ssl.cf3.rackcdn.com/4428ee65-9842-401d-befc-42ff2930a9e9__f64a7f67-b113-4227-afe6-b2592b256d5f.jpg
9925,Savvy  Taylor,mai,https://apmmodels.com/w/models/mai/mai-9925-savvy-taylor,178,brown,blue,"['images/savvy_taylor/thumbnail.jpg', 'images/savvy_taylor/portfolio1.jpg', 'images/savvy_taylor/portfolio2.jpg', 'images/savvy_taylor/portfolio3.jpg', 'images/savvy_taylor/portfolio4.jpg', 'images/savvy_taylor/portfolio5.jpg', 'images/savvy_taylor/portfolio6.jpg', 'images/savvy_taylor/portfolio7.jpg', 'images/savvy_taylor/portfolio8.jpg', 'images/savvy_taylor/portfolio9.jpg', 'images/savvy_taylor/portfolio10.jpg', 'images/savvy_taylor/portfolio11.jpg', 'images/savvy_taylor/portfolio12.jpg']",https://4598c52ed51e1bdda56a-2819a18ed12907756f28db1336cb386a.ssl.cf3.rackcdn.com/251_6a55b9ef-cfcf-4a41-bd82-9f59f50b9765.jpg
10150,Mammina Aker,ima,https://apmmodels.com/w/models/ima/ima-10150-mammina-aker,178,dark brown,brown,"['images/mammina_aker/thumbnail.jpg', 'images/mammina_aker/portfolio1.jpg', 'images/mammina_aker/portfolio2.jpg', 'images/mammina_aker/portfolio3.jpg', 'images/mammina_aker/portfolio4.jpg', 'images/mammina_aker/portfolio5.jpg', 'images/mammina_aker/portfolio6.jpg', 'images/mammina_aker/portfolio7.jpg', 'images/mammina_aker/portfolio8.jpg', 'images/mammina_aker/portfolio9.jpg', 'images/mammina_aker/portfolio10.jpg', 'images/mammina_aker/portfolio11.jpg', 'images/mammina_aker/portfolio12.jpg', 'images/mammina_aker/portfolio13.jpg', 'images/mammina_aker/portfolio14.jpg']",https://4598c52ed51e1bdda56a-2819a18ed12907756f28db1336cb386a.ssl.cf3.rackcdn.com/cd597efc-2728-4cba-bdbf-12b71578aabe_Standard.jpg
10298,Neha  Singh,mai,https://apmmodels.com/w/models/mai/mai-10298-neha-singh,170,dark brown,brown,"['images/neha_singh/thumbnail.jpg', 'images/neha_singh/portfolio1.jpg', 'images/neha_singh/portfolio2.jpg', 'images/neha_singh/portfolio3.jpg', 'images/neha_singh/portfolio4.jpg', 'images/neha_singh/portfolio5.jpg', 'images/neha_singh/portfolio6.jpg', 'images/neha_singh/portfolio7.jpg', 'images/neha_singh/portfolio8.jpg', 'images/neha_singh/portfolio9.jpg', 'images/neha_singh/portfolio10.jpg', 'images/neha_singh/portfolio11.jpg', 'images/neha_singh/portfolio12.jpg', 'images/neha_singh/portfolio13.jpg', 'images/neha_singh/portfolio14.jpg']",https://4598c52ed51e1bdda56a-2819a18ed12907756f28db1336cb386a.ssl.cf3.rackcdn.com/0317b39c-a034-4923-a543-2adecd2987e7_Standard.jpg
10033,Matisse,mai,https://apmmodels.com/w/models/mai/mai-10033-matisse,175,brown,hazel,"['images/matisse/thumbnail.jpg', 'images/matisse/portfolio1.jpg', 'images/matisse/portfolio2.jpg', 'images/matisse/portfolio3.jpg', 'images/matisse/portfolio4.jpg', 'images/matisse/portfolio5.jpg', 'images/matisse/portfolio6.jpg', 'images/matisse/portfolio7.jpg', 'images/matisse/portfolio8.jpg', 'images/matisse/portfolio9.jpg', 'images/matisse/portfolio10.jpg', 'images/matisse/portfolio11.jpg', 'images/matisse/portfolio12.jpg', 'images/matisse/portfolio13.jpg', 'images/matisse/portfolio14.jpg']",https://4598c52ed51e1bdda56a-2819a18ed12907756f28db1336cb386a.ssl.cf3.rackcdn.com/359_4fe21f61-ae16-4376-bd11-39d7f6676cea.jpg
10624,Lucilla  Malik,mai,https://apmmodels.com/w/models/mai/mai-10624-lucilla-malik,180,brown,brown,"['images/lucilla_malik/thumbnail.jpg', 'images/lucilla_malik/portfolio1.jpg', 'images/lucilla_malik/portfolio2.jpg', 'images/lucilla_malik/portfolio3.jpg', 'images/lucilla_malik/portfolio4.jpg', 'images/lucilla_malik/portfolio5.jpg', 'images/lucilla_malik/portfolio6.jpg', 'images/lucilla_malik/portfolio7.jpg', 'images/lucilla_malik/portfolio8.jpg', 'images/lucilla_malik/portfolio9.jpg', 'images/lucilla_malik/portfolio10.jpg', 'images/lucilla_malik/portfolio11.jpg', 'images/lucilla_malik/portfolio12.jpg', 'images/lucilla_malik/portfolio13.jpg', 'images/lucilla_malik/portfolio14.jpg']",https://4598c52ed51e1bdda56a-2819a18ed12907756f28db1336cb386a.ssl.cf3.rackcdn.com/8d81d3d2-195b-4210-bfd4-5f3d89da784e__d99b2936-f612-40fa-b612-25b131cdb407.jpg
10352,Nyajuok  Kueth,mai,https://apmmodels.com/w/models/mai/mai-10352-nyajuok-kueth,180,dark brown,brown,"['images/nyajuok_kueth/thumbnail.jpg', 'images/nyajuok_kueth/portfolio1.jpg', 'images/nyajuok_kueth/portfolio2.jpg', 'images/nyajuok_kueth/portfolio3.jpg', 'images/nyajuok_kueth/portfolio4.jpg', 'images/nyajuok_kueth/portfolio5.jpg', 'images/nyajuok_kueth/portfolio6.jpg', 'images/nyajuok_kueth/portfolio7.jpg', 'images/nyajuok_kueth/portfolio8.jpg', 'images/nyajuok_kueth/portfolio9.jpg', 'images/nyajuok_kueth/portfolio10.jpg', 'images/nyajuok_kueth/portfolio11.jpg', 'images/nyajuok_kueth/portfolio12.jpg', 'images/nyajuok_kueth/portfolio13.jpg', 'images/nyajuok_kueth/portfolio14.jpg']",https://4598c52ed51e1bdda56a-2819a18ed12907756f28db1336cb386a.ssl.cf3.rackcdn.com/89495f61-6a15-4e3d-adc2-316c7fb7d544_Standard.jpg
10078,Günce Gözütok,ima,https://apmmodels.com/w/models/ima/ima-10078-günce-gözütok,178,brown,brown,"['images/günce_gözütok/thumbnail.jpg', 'images/günce_gözütok/portfolio1.jpg', 'images/günce_gözütok/portfolio2.jpg', 'images/günce_gözütok/portfolio3.jpg', 'images/günce_gözütok/portfolio4.jpg', 'images/günce_gözütok/portfolio5.jpg', 'images/günce_gözütok/portfolio6.jpg', 'images/günce_gözütok/portfolio7.jpg', 'images/günce_gözütok/portfolio8.jpg', 'images/günce_gözütok/portfolio9.jpg', 'images/günce_gözütok/portfolio10.jpg', 'images/günce_gözütok/portfolio11.jpg', 'images/günce_gözütok/portfolio12.jpg', 'images/günce_gözütok/portfolio13.jpg', 'images/günce_gözütok/portfolio14.jpg']",https://4598c52ed51e1bdda56a-2819a18ed12907756f28db1336cb386a.ssl.cf3.rackcdn.com/d7b072fa-d12d-4343-8b4a-1717efa6fb9d__009c96e2-9a55-44d6-b051-b368a3bbe77d.jpg
10043,Tatiana Arend,mai,https://apmmodels.com/w/models/mai/mai-10043-tatiana-arend,173,dark blonde,brown,"['images/tatiana_arend/thumbnail.jpg', 'images/tatiana_arend/portfolio1.jpg', 'images/tatiana_arend/portfolio2.jpg', 'images/tatiana_arend/portfolio3.jpg', 'images/tatiana_arend/portfolio4.jpg', 'images/tatiana_arend/portfolio5.jpg', 'images/tatiana_arend/portfolio6.jpg', 'images/tatiana_arend/portfolio7.jpg', 'images/tatiana_arend/portfolio8.jpg', 'images/tatiana_arend/portfolio9.jpg', 'images/tatiana_arend/portfolio10.jpg', 'images/tatiana_arend/portfolio11.jpg', 'images/tatiana_arend/portfolio12.jpg', 'images/tatiana_arend/portfolio13.jpg', 'images/tatiana_arend/portfolio14.jpg']",https://4598c52ed51e1bdda56a-2819a18ed12907756f28db1336cb386a.ssl.cf3.rackcdn.com/369_28224ef5-b6f1-474a-9ce9-b68fa381ddc1.jpg
10056,Nassia Matsa,ima,https://apmmodels.com/w/models/ima/ima-10056-nassia-matsa,175,dark brown,brown,"['images/nassia_matsa/thumbnail.jpg', 'images/nassia_matsa/portfolio1.jpg', 'images/nassia_matsa/portfolio2.jpg', 'images/nassia_matsa/portfolio3.jpg', 'images/nassia_matsa/portfolio4.jpg', 'images/nassia_matsa/portfolio5.jpg', 'images/nassia_matsa/portfolio6.jpg', 'images/nassia_matsa/portfolio7.jpg', 'images/nassia_matsa/portfolio8.jpg', 'images/nassia_matsa/portfolio9.jpg', 'images/nassia_matsa/portfolio10.jpg', 'images/nassia_matsa/portfolio11.jpg', 'images/nassia_matsa/portfolio12.jpg', 'images/nassia_matsa/portfolio13.jpg', 'images/nassia_matsa/portfolio14.jpg']",https://4598c52ed51e1bdda56a-2819a18ed12907756f28db1336cb386a.ssl.cf3.rackcdn.com/382_ee6673f2-1dd8-4de3-82c9-1e0227de1551.jpg
10452,Gia Shkoba,mai,https://apmmodels.com/w/models/mai/mai-10452-gia-shkoba,178,dark blonde,blue,"['images/gia_shkoba/thumbnail.jpg', 'images/gia_shkoba/portfolio1.jpg', 'images/gia_shkoba/portfolio2.jpg', 'images/gia_shkoba/portfolio3.jpg', 'images/gia_shkoba/portfolio4.jpg', 'images/gia_shkoba/portfolio5.jpg', 'images/gia_shkoba/portfolio6.jpg', 'images/gia_shkoba/portfolio7.jpg', 'images/gia_shkoba/portfolio8.jpg', 'images/gia_shkoba/portfolio9.jpg', 'images/gia_shkoba/portfolio10.jpg', 'images/gia_shkoba/portfolio11.jpg', 'images/gia_shkoba/portfolio12.jpg', 'images/gia_shkoba/portfolio13.jpg', 'images/gia_shkoba/portfolio14.jpg']",https://4598c52ed51e1bdda56a-2819a18ed12907756f28db1336cb386a.ssl.cf3.rackcdn.com/fb264699-cc16-4f8d-81c5-8930f1acd69a_Standard.jpg
10057,Catalina Llanes,mai,https://apmmodels.com/w/models/mai/mai-10057-catalina-llanes,179,brown,brown,"['images/catalina_llanes/thumbnail.jpg', 'images/catalina_llanes/portfolio1.jpg', 'images/catalina_llanes/portfolio2.jpg', 'images/catalina_llanes/portfolio3.jpg', 'images/catalina_llanes/portfolio4.jpg', 'images/catalina_llanes/portfolio5.jpg', 'images/catalina_llanes/portfolio6.jpg', 'images/catalina_llanes/portfolio7.jpg', 'images/catalina_llanes/portfolio8.jpg', 'images/catalina_llanes/portfolio9.jpg', 'images/catalina_llanes/portfolio10.jpg', 'images/catalina_llanes/portfolio11.jpg', 'images/catalina_llanes/portfolio12.jpg', 'images/catalina_llanes/portfolio13.jpg', 'images/catalina_llanes/portfolio14.jpg']",https://4598c52ed51e1bdda56a-2819a18ed12907756f28db1336cb386a.ssl.cf3.rackcdn.com/383_cfe3c723-4545-48b3-93de-bb27dc1ea661.jpg
9897,Nora Vai,ima,https://apmmodels.com/w/models/ima/ima-9897-nora-vai,179,brown,brown,"['images/nora_vai/thumbnail.jpg', 'images/nora_vai/portfolio1.jpg', 'images/nora_vai/portfolio2.jpg', 'images/nora_vai/portfolio3.jpg', 'images/nora_vai/portfolio4.jpg', 'images/nora_vai/portfolio5.jpg', 'images/nora_vai/portfolio6.jpg', 'images/nora_vai/portfolio7.jpg', 'images/nora_vai/portfolio8.jpg', 'images/nora_vai/portfolio9.jpg', 'images/nora_vai/portfolio10.jpg', 'images/nora_vai/portfolio11.jpg', 'images/nora_vai/portfolio12.jpg', 'images/nora_vai/portfolio13.jpg', 'images/nora_vai/portfolio14.jpg']",https://4598c52ed51e1bdda56a-2819a18ed12907756f28db1336cb386a.ssl.cf3.rackcdn.com/3ee7330b-abc5-4998-9f93-5ff9c97f2a34__4e77d450-9a99-4b98-9767-ac57a4602632.jpg
10164,Nata  Sarafinchan,mai,https://apmmodels.com/w/models/mai/mai-10164-nata-sarafinchan,177,brown,hazel,"['images/nata_sarafinchan/thumbnail.jpg', 'images/nata_sarafinchan/portfolio1.jpg', 'images/nata_sarafinchan/portfolio2.jpg', 'images/nata_sarafinchan/portfolio3.jpg', 'images/nata_sarafinchan/portfolio4.jpg', 'images/nata_sarafinchan/portfolio5.jpg', 'images/nata_sarafinchan/portfolio6.jpg', 'images/nata_sarafinchan/portfolio7.jpg', 'images/nata_sarafinchan/portfolio8.jpg', 'images/nata_sarafinchan/portfolio9.jpg', 'images/nata_sarafinchan/portfolio10.jpg', 'images/nata_sarafinchan/portfolio11.jpg', 'images/nata_sarafinchan/portfolio12.jpg', 'images/nata_sarafinchan/portfolio13.jpg', 'images/nata_sarafinchan/portfolio14.jpg']",https://4598c52ed51e1bdda56a-2819a18ed12907756f28db1336cb386a.ssl.cf3.rackcdn.com/cf11ea0f-dffb-4dc4-837b-c3aebf8e1194_Standard.jpg
10236,Galaxia  Lorenzo,mai,https://apmmodels.com/w/models/mai/mai-10236-galaxia-lorenzo,174,dark brown,brown,"['images/galaxia_lorenzo/thumbnail.jpg', 'images/galaxia_lorenzo/portfolio1.jpg', 'images/galaxia_lorenzo/portfolio2.jpg', 'images/galaxia_lorenzo/portfolio3.jpg', 'images/galaxia_lorenzo/portfolio4.jpg', 'images/galaxia_lorenzo/portfolio5.jpg', 'images/galaxia_lorenzo/portfolio6.jpg', 'images/galaxia_lorenzo/portfolio7.jpg', 'images/galaxia_lorenzo/portfolio8.jpg', 'images/galaxia_lorenzo/portfolio9.jpg', 'images/galaxia_lorenzo/portfolio10.jpg', 'images/galaxia_lorenzo/portfolio11.jpg', 'images/galaxia_lorenzo/portfolio12.jpg', 'images/galaxia_lorenzo/portfolio13.jpg', 'images/galaxia_lorenzo/portfolio14.jpg']",https://4598c52ed51e1bdda56a-2819a18ed12907756f28db1336cb386a.ssl.cf3.rackcdn.com/47f038ff-637a-4ffe-accf-430b92b99212_Standard.jpg
10180,Sunny  Bharath,mai,https://apmmodels.com/w/models/mai/mai-10180-sunny-bharath,171,dark brown,brown,"['images/sunny_bharath/thumbnail.jpg', 'images/sunny_bharath/portfolio1.jpg', 'images/sunny_bharath/portfolio2.jpg', 'images/sunny_bharath/portfolio3.jpg', 'images/sunny_bharath/portfolio4.jpg', 'images/sunny_bharath/portfolio5.jpg', 'images/sunny_bharath/portfolio6.jpg', 'images/sunny_bharath/portfolio7.jpg', 'images/sunny_bharath/portfolio8.jpg', 'images/sunny_bharath/portfolio9.jpg', 'images/sunny_bharath/portfolio10.jpg', 'images/sunny_bharath/portfolio11.jpg', 'images/sunny_bharath/portfolio12.jpg', 'images/sunny_bharath/portfolio13.jpg', 'images/sunny_bharath/portfolio14.jpg']",https://4598c52ed51e1bdda56a-2819a18ed12907756f28db1336cb386a.ssl.cf3.rackcdn.com/33d55e39-79af-43ef-bc2e-ca3c3373a297_Standard.jpg
10259,Fifi Anicah,mai,https://apmmodels.com/w/models/mai/mai-10259-fifi-anicah,168,brown,hazel,"['images/fifi_anicah/thumbnail.jpg', 'images/fifi_anicah/portfolio1.jpg', 'images/fifi_anicah/portfolio2.jpg', 'images/fifi_anicah/portfolio3.jpg', 'images/fifi_anicah/portfolio4.jpg', 'images/fifi_anicah/portfolio5.jpg', 'images/fifi_anicah/portfolio6.jpg', 'images/fifi_anicah/portfolio7.jpg', 'images/fifi_anicah/portfolio8.jpg', 'images/fifi_anicah/portfolio9.jpg', 'images/fifi_anicah/portfolio10.jpg', 'images/fifi_anicah/portfolio11.jpg', 'images/fifi_anicah/portfolio12.jpg', 'images/fifi_anicah/portfolio13.jpg', 'images/fifi_anicah/portfolio14.jpg']",https://4598c52ed51e1bdda56a-2819a18ed12907756f28db1336cb386a.ssl.cf3.rackcdn.com/dd438d42-a3e3-4b61-8d77-2d61018d3fe4_Standard.jpg
10067,Gabrielle Yvonne,mai,https://apmmodels.com/w/models/mai/mai-10067-gabrielle-yvonne,175,brown,brown,"['images/gabrielle_yvonne/thumbnail.jpg', 'images/gabrielle_yvonne/portfolio1.jpg', 'images/gabrielle_yvonne/portfolio2.jpg', 'images/gabrielle_yvonne/portfolio3.jpg', 'images/gabrielle_yvonne/portfolio4.jpg', 'images/gabrielle_yvonne/portfolio5.jpg', 'images/gabrielle_yvonne/portfolio6.jpg', 'images/gabrielle_yvonne/portfolio7.jpg', 'images/gabrielle_yvonne/portfolio8.jpg', 'images/gabrielle_yvonne/portfolio9.jpg', 'images/gabrielle_yvonne/portfolio10.jpg', 'images/gabrielle_yvonne/portfolio11.jpg', 'images/gabrielle_yvonne/portfolio12.jpg', 'images/gabrielle_yvonne/portfolio13.jpg', 'images/gabrielle_yvonne/portfolio14.jpg']",https://4598c52ed51e1bdda56a-2819a18ed12907756f28db1336cb386a.ssl.cf3.rackcdn.com/393_4efa9c99-d36c-49f5-afdc-8d11f90ce361.jpg
9865,Shaderska Valdez,mai,https://apmmodels.com/w/models/mai/mai-9865-shaderska-valdez,178,black,brown,"['images/shaderska_valdez/thumbnail.jpg', 'images/shaderska_valdez/portfolio1.jpg', 'images/shaderska_valdez/portfolio2.jpg', 'images/shaderska_valdez/portfolio3.jpg', 'images/shaderska_valdez/portfolio4.jpg', 'images/shaderska_valdez/portfolio5.jpg', 'images/shaderska_valdez/portfolio6.jpg', 'images/shaderska_valdez/portfolio7.jpg', 'images/shaderska_valdez/portfolio8.jpg', 'images/shaderska_valdez/portfolio9.jpg', 'images/shaderska_valdez/portfolio10.jpg', 'images/shaderska_valdez/portfolio11.jpg', 'images/shaderska_valdez/portfolio12.jpg', 'images/shaderska_valdez/portfolio13.jpg', 'images/shaderska_valdez/portfolio14.jpg']",https://4598c52ed51e1bdda56a-2819a18ed12907756f28db1336cb386a.ssl.cf3.rackcdn.com/191_d3a26168-3881-4684-9ce3-6c5d7d4d3382.jpg
9945,Emily  Hazeltine,mai,https://apmmodels.com/w/models/mai/mai-9945-emily-hazeltine,177,dark brown,brown,"['images/emily_hazeltine/thumbnail.jpg', 'images/emily_hazeltine/portfolio1.jpg', 'images/emily_hazeltine/portfolio2.jpg', 'images/emily_hazeltine/portfolio3.jpg', 'images/emily_hazeltine/portfolio4.jpg', 'images/emily_hazeltine/portfolio5.jpg', 'images/emily_hazeltine/portfolio6.jpg', 'images/emily_hazeltine/portfolio7.jpg', 'images/emily_hazeltine/portfolio8.jpg', 'images/emily_hazeltine/portfolio9.jpg', 'images/emily_hazeltine/portfolio10.jpg', 'images/emily_hazeltine/portfolio11.jpg', 'images/emily_hazeltine/portfolio12.jpg', 'images/emily_hazeltine/portfolio13.jpg', 'images/emily_hazeltine/portfolio14.jpg']",https://4598c52ed51e1bdda56a-2819a18ed12907756f28db1336cb386a.ssl.cf3.rackcdn.com/61e61da7-18e5-4e6c-b975-a96712542b1e_Standard.jpg
10060,Jess Maybury,ima,https://apmmodels.com/w/models/ima/ima-10060-jess-maybury,182,dark brown,brown,"['images/jess_maybury/thumbnail.jpg', 'images/jess_maybury/portfolio1.jpg', 'images/jess_maybury/portfolio2.jpg', 'images/jess_maybury/portfolio3.jpg', 'images/jess_maybury/portfolio4.jpg', 'images/jess_maybury/portfolio5.jpg', 'images/jess_maybury/portfolio6.jpg', 'images/jess_maybury/portfolio7.jpg', 'images/jess_maybury/portfolio8.jpg', 'images/jess_maybury/portfolio9.jpg', 'images/jess_maybury/portfolio10.jpg', 'images/jess_maybury/portfolio11.jpg', 'images/jess_maybury/portfolio12.jpg', 'images/jess_maybury/portfolio13.jpg', 'images/jess_maybury/portfolio14.jpg']",https://4598c52ed51e1bdda56a-2819a18ed12907756f28db1336cb386a.ssl.cf3.rackcdn.com/386_86f3886a-89b6-4641-80c4-8541cea05e3b.jpg
9804,Sasha Tsibizova,mai,https://apmmodels.com/w/models/mai/mai-9804-sasha-tsibizova,178,blonde,green,"['images/sasha_tsibizova/thumbnail.jpg', 'images/sasha_tsibizova/portfolio1.jpg', 'images/sasha_tsibizova/portfolio2.jpg', 'images/sasha_tsibizova/portfolio3.jpg', 'images/sasha_tsibizova/portfolio4.jpg', 'images/sasha_tsibizova/portfolio5.jpg', 'images/sasha_tsibizova/portfolio6.jpg', 'images/sasha_tsibizova/portfolio7.jpg', 'images/sasha_tsibizova/portfolio8.jpg', 'images/sasha_tsibizova/portfolio9.jpg', 'images/sasha_tsibizova/portfolio10.jpg', 'images/sasha_tsibizova/portfolio11.jpg', 'images/sasha_tsibizova/portfolio12.jpg', 'images/sasha_tsibizova/portfolio13.jpg', 'images/sasha_tsibizova/portfolio14.jpg']",https://4598c52ed51e1bdda56a-2819a18ed12907756f28db1336cb386a.ssl.cf3.rackcdn.com/130_ac1edce7-fd1d-406d-8de6-ce519526661d.jpg
10140,Heva Dametto,ima,https://apmmodels.com/w/models/ima/ima-10140-heva-dametto,180,dark brown,brown,"['images/heva_dametto/thumbnail.jpg', 'images/heva_dametto/portfolio1.jpg', 'images/heva_dametto/portfolio2.jpg', 'images/heva_dametto/portfolio3.jpg', 'images/heva_dametto/portfolio4.jpg', 'images/heva_dametto/portfolio5.jpg', 'images/heva_dametto/portfolio6.jpg', 'images/heva_dametto/portfolio7.jpg', 'images/heva_dametto/portfolio8.jpg', 'images/heva_dametto/portfolio9.jpg', 'images/heva_dametto/portfolio10.jpg', 'images/heva_dametto/portfolio11.jpg', 'images/heva_dametto/portfolio12.jpg', 'images/heva_dametto/portfolio13.jpg', 'images/heva_dametto/portfolio14.jpg']",https://4598c52ed51e1bdda56a-2819a18ed12907756f28db1336cb386a.ssl.cf3.rackcdn.com/a72c8d21-92dd-4794-93be-181b27668a6e_Standard.jpg
10165,Madelynn  Bell,dev,https://apmmodels.com/w/models/dev/dev-10165-madelynn-bell,180,brown,brown,"['images/madelynn_bell/thumbnail.jpg', 'images/madelynn_bell/portfolio1.jpg', 'images/madelynn_bell/portfolio2.jpg', 'images/madelynn_bell/portfolio3.jpg', 'images/madelynn_bell/portfolio4.jpg', 'images/madelynn_bell/portfolio5.jpg', 'images/madelynn_bell/portfolio6.jpg', 'images/madelynn_bell/portfolio7.jpg', 'images/madelynn_bell/portfolio8.jpg', 'images/madelynn_bell/portfolio9.jpg', 'images/madelynn_bell/portfolio10.jpg', 'images/madelynn_bell/portfolio11.jpg', 'images/madelynn_bell/portfolio12.jpg', 'images/madelynn_bell/portfolio13.jpg', 'images/madelynn_bell/portfolio14.jpg']",https://4598c52ed51e1bdda56a-2819a18ed12907756f28db1336cb386a.ssl.cf3.rackcdn.com/da5e1db6-d119-477b-b472-dc9660eb6fe8_Standard.jpg
9869,Lily  Fofana,ima,https://apmmodels.com/w/models/ima/ima-9869-lily-fofana,178,black,brown,"['images/lily_fofana/thumbnail.jpg', 'images/lily_fofana/portfolio1.jpg', 'images/lily_fofana/portfolio2.jpg', 'images/lily_fofana/portfolio3.jpg', 'images/lily_fofana/portfolio4.jpg', 'images/lily_fofana/portfolio5.jpg', 'images/lily_fofana/portfolio6.jpg', 'images/lily_fofana/portfolio7.jpg', 'images/lily_fofana/portfolio8.jpg', 'images/lily_fofana/portfolio9.jpg', 'images/lily_fofana/portfolio10.jpg', 'images/lily_fofana/portfolio11.jpg', 'images/lily_fofana/portfolio12.jpg', 'images/lily_fofana/portfolio13.jpg', 'images/lily_fofana/portfolio14.jpg']",https://4598c52ed51e1bdda56a-2819a18ed12907756f28db1336cb386a.ssl.cf3.rackcdn.com/af3e47ea-410b-468b-b8ae-7dc0977d4417_Standard.jpg
10208,Izabella  Valdez,mai,https://apmmodels.com/w/models/mai/mai-10208-izabella-valdez,176,dark brown,brown,"['images/izabella_valdez/thumbnail.jpg', 'images/izabella_valdez/portfolio1.jpg', 'images/izabella_valdez/portfolio2.jpg', 'images/izabella_valdez/portfolio3.jpg', 'images/izabella_valdez/portfolio4.jpg', 'images/izabella_valdez/portfolio5.jpg', 'images/izabella_valdez/portfolio6.jpg', 'images/izabella_valdez/portfolio7.jpg', 'images/izabella_valdez/portfolio8.jpg', 'images/izabella_valdez/portfolio9.jpg', 'images/izabella_valdez/portfolio10.jpg', 'images/izabella_valdez/portfolio11.jpg', 'images/izabella_valdez/portfolio12.jpg', 'images/izabella_valdez/portfolio13.jpg', 'images/izabella_valdez/portfolio14.jpg']",https://4598c52ed51e1bdda56a-2819a18ed12907756f28db1336cb386a.ssl.cf3.rackcdn.com/70672aa4-96e8-4759-9d85-48408c81d91d_Standard.jpg
10024,Rose Lawrence,mai,https://apmmodels.com/w/models/mai/mai-10024-rose-lawrence,178,black,brown,"['images/rose_lawrence/thumbnail.jpg', 'images/rose_lawrence/portfolio1.jpg', 'images/rose_lawrence/portfolio2.jpg', 'images/rose_lawrence/portfolio3.jpg', 'images/rose_lawrence/portfolio4.jpg', 'images/rose_lawrence/portfolio5.jpg', 'images/rose_lawrence/portfolio6.jpg', 'images/rose_lawrence/portfolio7.jpg', 'images/rose_lawrence/portfolio8.jpg', 'images/rose_lawrence/portfolio9.jpg', 'images/rose_lawrence/portfolio10.jpg', 'images/rose_lawrence/portfolio11.jpg', 'images/rose_lawrence/portfolio12.jpg', 'images/rose_lawrence/portfolio13.jpg', 'images/rose_lawrence/portfolio14.jpg']",https://4598c52ed51e1bdda56a-2819a18ed12907756f28db1336cb386a.ssl.cf3.rackcdn.com/b22074d6-63d7-4de6-a5f1-0c8708d9df55__2e47c605-237f-440a-bdf7-4be2bf642194.jpg
10437,Joanna  Cardenas,mai,https://apmmodels.com/w/models/mai/mai-10437-joanna-cardenas,173,brown,brown,"['images/joanna_cardenas/thumbnail.jpg', 'images/joanna_cardenas/portfolio1.jpg', 'images/joanna_cardenas/portfolio2.jpg', 'images/joanna_cardenas/portfolio3.jpg', 'images/joanna_cardenas/portfolio4.jpg', 'images/joanna_cardenas/portfolio5.jpg', 'images/joanna_cardenas/portfolio6.jpg', 'images/joanna_cardenas/portfolio7.jpg', 'images/joanna_cardenas/portfolio8.jpg', 'images/joanna_cardenas/portfolio9.jpg', 'images/joanna_cardenas/portfolio10.jpg', 'images/joanna_cardenas/portfolio11.jpg', 'images/joanna_cardenas/portfolio12.jpg', 'images/joanna_cardenas/portfolio13.jpg', 'images/joanna_cardenas/portfolio14.jpg']",https://4598c52ed51e1bdda56a-2819a18ed12907756f28db1336cb386a.ssl.cf3.rackcdn.com/9eb071c6-e17d-4649-966b-24b4732d2f7e_Standard.jpg
9683,Britney Watkins,mai,https://apmmodels.com/w/models/mai/mai-9683-britney-watkins,175,brown,brown,"['images/britney_watkins/thumbnail.jpg', 'images/britney_watkins/portfolio1.jpg', 'images/britney_watkins/portfolio2.jpg', 'images/britney_watkins/portfolio3.jpg', 'images/britney_watkins/portfolio4.jpg', 'images/britney_watkins/portfolio5.jpg', 'images/britney_watkins/portfolio6.jpg', 'images/britney_watkins/portfolio7.jpg', 'images/britney_watkins/portfolio8.jpg', 'images/britney_watkins/portfolio9.jpg', 'images/britney_watkins/portfolio10.jpg', 'images/britney_watkins/portfolio11.jpg', 'images/britney_watkins/portfolio12.jpg', 'images/britney_watkins/portfolio13.jpg', 'images/britney_watkins/portfolio14.jpg']",https://4598c52ed51e1bdda56a-2819a18ed12907756f28db1336cb386a.ssl.cf3.rackcdn.com/33e67522-0a19-42e4-9728-bdb9fbeae1f7_Standard.jpg
10265,Sky  Mejias,mai,https://apmmodels.com/w/models/mai/mai-10265-sky-mejias,173,brown,hazel,"['images/sky_mejias/thumbnail.jpg', 'images/sky_mejias/portfolio1.jpg', 'images/sky_mejias/portfolio2.jpg', 'images/sky_mejias/portfolio3.jpg', 'images/sky_mejias/portfolio4.jpg', 'images/sky_mejias/portfolio5.jpg', 'images/sky_mejias/portfolio6.jpg', 'images/sky_mejias/portfolio7.jpg', 'images/sky_mejias/portfolio8.jpg', 'images/sky_mejias/portfolio9.jpg', 'images/sky_mejias/portfolio10.jpg', 'images/sky_mejias/portfolio11.jpg', 'images/sky_mejias/portfolio12.jpg', 'images/sky_mejias/portfolio13.jpg', 'images/sky_mejias/portfolio14.jpg']",https://4598c52ed51e1bdda56a-2819a18ed12907756f28db1336cb386a.ssl.cf3.rackcdn.com/4530f95a-7201-43ca-b7d1-e9f8ee5f432c_Standard.jpg
10076,Shanika Adeola,mai,https://apmmodels.com/w/models/mai/mai-10076-shanika-adeola,180,dark brown,brown,"['images/shanika_adeola/thumbnail.jpg', 'images/shanika_adeola/portfolio1.jpg', 'images/shanika_adeola/portfolio2.jpg', 'images/shanika_adeola/portfolio3.jpg', 'images/shanika_adeola/portfolio4.jpg', 'images/shanika_adeola/portfolio5.jpg', 'images/shanika_adeola/portfolio6.jpg', 'images/shanika_adeola/portfolio7.jpg', 'images/shanika_adeola/portfolio8.jpg', 'images/shanika_adeola/portfolio9.jpg', 'images/shanika_adeola/portfolio10.jpg', 'images/shanika_adeola/portfolio11.jpg', 'images/shanika_adeola/portfolio12.jpg', 'images/shanika_adeola/portfolio13.jpg', 'images/shanika_adeola/portfolio14.jpg']",https://4598c52ed51e1bdda56a-2819a18ed12907756f28db1336cb386a.ssl.cf3.rackcdn.com/402_70de753b-ae9a-4027-af28-0e4e7251ba73.jpg
10291,Izzy  Gonzales,mai,https://apmmodels.com/w/models/mai/mai-10291-izzy-gonzales,179,blonde,brown,"['images/izzy_gonzales/thumbnail.jpg', 'images/izzy_gonzales/portfolio1.jpg', 'images/izzy_gonzales/portfolio2.jpg', 'images/izzy_gonzales/portfolio3.jpg', 'images/izzy_gonzales/portfolio4.jpg', 'images/izzy_gonzales/portfolio5.jpg', 'images/izzy_gonzales/portfolio6.jpg', 'images/izzy_gonzales/portfolio7.jpg', 'images/izzy_gonzales/portfolio8.jpg', 'images/izzy_gonzales/portfolio9.jpg', 'images/izzy_gonzales/portfolio10.jpg', 'images/izzy_gonzales/portfolio11.jpg', 'images/izzy_gonzales/portfolio12.jpg', 'images/izzy_gonzales/portfolio13.jpg', 'images/izzy_gonzales/portfolio14.jpg']",https://4598c52ed51e1bdda56a-2819a18ed12907756f28db1336cb386a.ssl.cf3.rackcdn.com/7c49c17f-a92b-416d-b49b-4ca150430d98__fa48c5f6-6bbf-48cc-9d7f-e537ed30f803.jpg
9976,Alexis Morgan,dev,https://apmmodels.com/w/models/dev/dev-9976-alexis-morgan,174,brown,brown,"['images/alexis_morgan/thumbnail.jpg', 'images/alexis_morgan/portfolio1.jpg', 'images/alexis_morgan/portfolio2.jpg', 'images/alexis_morgan/portfolio3.jpg', 'images/alexis_morgan/portfolio4.jpg', 'images/alexis_morgan/portfolio5.jpg', 'images/alexis_morgan/portfolio6.jpg', 'images/alexis_morgan/portfolio7.jpg', 'images/alexis_morgan/portfolio8.jpg', 'images/alexis_morgan/portfolio9.jpg', 'images/alexis_morgan/portfolio10.jpg', 'images/alexis_morgan/portfolio11.jpg', 'images/alexis_morgan/portfolio12.jpg', 'images/alexis_morgan/portfolio13.jpg', 'images/alexis_morgan/portfolio14.jpg']",https://4598c52ed51e1bdda56a-2819a18ed12907756f28db1336cb386a.ssl.cf3.rackcdn.com/24f7620a-5d43-4d0f-9734-90f4c0aaed0c_Standard.jpg
10034,Isis Marine,mai,https://apmmodels.com/w/models/mai/mai-10034-isis-marine,180,brown,brown,"['images/isis_marine/thumbnail.jpg', 'images/isis_marine/portfolio1.jpg', 'images/isis_marine/portfolio2.jpg', 'images/isis_marine/portfolio3.jpg', 'images/isis_marine/portfolio4.jpg', 'images/isis_marine/portfolio5.jpg', 'images/isis_marine/portfolio6.jpg', 'images/isis_marine/portfolio7.jpg', 'images/isis_marine/portfolio8.jpg', 'images/isis_marine/portfolio9.jpg', 'images/isis_marine/portfolio10.jpg', 'images/isis_marine/portfolio11.jpg', 'images/isis_marine/portfolio12.jpg', 'images/isis_marine/portfolio13.jpg']",https://4598c52ed51e1bdda56a-2819a18ed12907756f28db1336cb386a.ssl.cf3.rackcdn.com/360_a3bc75a3-06b9-4d4a-84c1-0e02747d22e6.jpg
10749,SELINA NIU,dev,https://apmmodels.com/w/models/dev/dev-10749-selina-niu,173,black,brown,"['images/selina_niu/thumbnail.jpg', 'images/selina_niu/portfolio1.jpg', 'images/selina_niu/portfolio2.jpg', 'images/selina_niu/portfolio3.jpg', 'images/selina_niu/portfolio4.jpg', 'images/selina_niu/portfolio5.jpg', 'images/selina_niu/portfolio6.jpg', 'images/selina_niu/portfolio7.jpg', 'images/selina_niu/portfolio8.jpg', 'images/selina_niu/portfolio9.jpg', 'images/selina_niu/portfolio10.jpg', 'images/selina_niu/portfolio11.jpg', 'images/selina_niu/portfolio12.jpg', 'images/selina_niu/portfolio13.jpg', 'images/selina_niu/portfolio14.jpg']",https://4598c52ed51e1bdda56a-2819a18ed12907756f28db1336cb386a.ssl.cf3.rackcdn.com/05effb17-0e0f-45b5-ab9a-279464622146_Standard.jpg
10137,Mnatalla Eldaas,mai,https://apmmodels.com/w/models/mai/mai-10137-mnatalla-eldaas,178,dark brown,brown,"['images/mnatalla_eldaas/thumbnail.jpg', 'images/mnatalla_eldaas/portfolio1.jpg', 'images/mnatalla_eldaas/portfolio2.jpg', 'images/mnatalla_eldaas/portfolio3.jpg', 'images/mnatalla_eldaas/portfolio4.jpg', 'images/mnatalla_eldaas/portfolio5.jpg', 'images/mnatalla_eldaas/portfolio6.jpg', 'images/mnatalla_eldaas/portfolio7.jpg', 'images/mnatalla_eldaas/portfolio8.jpg', 'images/mnatalla_eldaas/portfolio9.jpg', 'images/mnatalla_eldaas/portfolio10.jpg', 'images/mnatalla_eldaas/portfolio11.jpg', 'images/mnatalla_eldaas/portfolio12.jpg', 'images/mnatalla_eldaas/portfolio13.jpg', 'images/mnatalla_eldaas/portfolio14.jpg']",https://4598c52ed51e1bdda56a-2819a18ed12907756f28db1336cb386a.ssl.cf3.rackcdn.com/3bf54282-e930-46ec-95c3-dc18d597687e_Standard.jpg
10695,Isabel  Cameron,dev,https://apmmodels.com/w/models/dev/dev-10695-isabel-cameron,181,,,"['images/isabel_cameron/thumbnail.jpg', 'images/isabel_cameron/portfolio1.jpg', 'images/isabel_cameron/portfolio2.jpg', 'images/isabel_cameron/portfolio3.jpg', 'images/isabel_cameron/portfolio4.jpg', 'images/isabel_cameron/portfolio5.jpg', 'images/isabel_cameron/portfolio6.jpg', 'images/isabel_cameron/portfolio7.jpg', 'images/isabel_cameron/portfolio8.jpg', 'images/isabel_cameron/portfolio9.jpg', 'images/isabel_cameron/portfolio10.jpg', 'images/isabel_cameron/portfolio11.jpg', 'images/isabel_cameron/portfolio12.jpg', 'images/isabel_cameron/portfolio13.jpg', 'images/isabel_cameron/portfolio14.jpg']",https://4598c52ed51e1bdda56a-2819a18ed12907756f28db1336cb386a.ssl.cf3.rackcdn.com/172be472-4b79-4088-be90-6e76294996db_Standard.jpg
10129,Jade O'Belle,mai,https://apmmodels.com/w/models/mai/mai-10129-jade-o,178,dark brown,brown,"['images/jade_obelle/thumbnail.jpg', 'images/jade_obelle/portfolio1.jpg', 'images/jade_obelle/portfolio2.jpg', 'images/jade_obelle/portfolio3.jpg', 'images/jade_obelle/portfolio4.jpg', 'images/jade_obelle/portfolio5.jpg', 'images/jade_obelle/portfolio6.jpg', 'images/jade_obelle/portfolio7.jpg', 'images/jade_obelle/portfolio8.jpg', 'images/jade_obelle/portfolio9.jpg', 'images/jade_obelle/portfolio10.jpg', 'images/jade_obelle/portfolio11.jpg', 'images/jade_obelle/portfolio12.jpg', 'images/jade_obelle/portfolio13.jpg', 'images/jade_obelle/portfolio14.jpg']",https://4598c52ed51e1bdda56a-2819a18ed12907756f28db1336cb386a.ssl.cf3.rackcdn.com/455_23a3f6d5-57cc-48e3-8cc1-c9bd40d81e72.jpg
10207,Kristy  Baez,ima,https://apmmodels.com/w/models/ima/ima-10207-kristy-baez,175,dark brown,hazel,"['images/kristy_baez/thumbnail.jpg', 'images/kristy_baez/portfolio1.jpg', 'images/kristy_baez/portfolio2.jpg', 'images/kristy_baez/portfolio3.jpg', 'images/kristy_baez/portfolio4.jpg', 'images/kristy_baez/portfolio5.jpg', 'images/kristy_baez/portfolio6.jpg', 'images/kristy_baez/portfolio7.jpg', 'images/kristy_baez/portfolio8.jpg', 'images/kristy_baez/portfolio9.jpg', 'images/kristy_baez/portfolio10.jpg', 'images/kristy_baez/portfolio11.jpg', 'images/kristy_baez/portfolio12.jpg', 'images/kristy_baez/portfolio13.jpg', 'images/kristy_baez/portfolio14.jpg']",https://4598c52ed51e1bdda56a-2819a18ed12907756f28db1336cb386a.ssl.cf3.rackcdn.com/7137618d-d240-46a0-b923-2bce621c2d72_Standard.jpg
9714,Michelene Auguste,mai,https://apmmodels.com/w/models/mai/mai-9714-michelene-auguste,180,dark brown,brown,"['images/michelene_auguste/thumbnail.jpg', 'images/michelene_auguste/portfolio1.jpg', 'images/michelene_auguste/portfolio2.jpg', 'images/michelene_auguste/portfolio3.jpg', 'images/michelene_auguste/portfolio4.jpg', 'images/michelene_auguste/portfolio5.jpg', 'images/michelene_auguste/portfolio6.jpg', 'images/michelene_auguste/portfolio7.jpg', 'images/michelene_auguste/portfolio8.jpg', 'images/michelene_auguste/portfolio9.jpg', 'images/michelene_auguste/portfolio10.jpg', 'images/michelene_auguste/portfolio11.jpg', 'images/michelene_auguste/portfolio12.jpg', 'images/michelene_auguste/portfolio13.jpg', 'images/michelene_auguste/portfolio14.jpg']",https://4598c52ed51e1bdda56a-2819a18ed12907756f28db1336cb386a.ssl.cf3.rackcdn.com/2fe2e94e-071b-4899-9c2b-a2ca6fd1546e_Standard.jpg
10318,Elisa Pena,ima,https://apmmodels.com/w/models/ima/ima-10318-elisa-pena,180,black,brown,"['images/elisa_pena/thumbnail.jpg', 'images/elisa_pena/portfolio1.jpg', 'images/elisa_pena/portfolio2.jpg', 'images/elisa_pena/portfolio3.jpg', 'images/elisa_pena/portfolio4.jpg', 'images/elisa_pena/portfolio5.jpg', 'images/elisa_pena/portfolio6.jpg', 'images/elisa_pena/portfolio7.jpg', 'images/elisa_pena/portfolio8.jpg', 'images/elisa_pena/portfolio9.jpg', 'images/elisa_pena/portfolio10.jpg', 'images/elisa_pena/portfolio11.jpg', 'images/elisa_pena/portfolio12.jpg', 'images/elisa_pena/portfolio13.jpg', 'images/elisa_pena/portfolio14.jpg']",https://4598c52ed51e1bdda56a-2819a18ed12907756f28db1336cb386a.ssl.cf3.rackcdn.com/7186a550-12d7-4d74-bf35-09a6f2e76f81_Standard.jpg
10100,Hailey Rae Simon,dev,https://apmmodels.com/w/models/dev/dev-10100-hailey_rae-simon,175,blonde,blue,"['images/hailey_rae_simon/thumbnail.jpg', 'images/hailey_rae_simon/portfolio1.jpg', 'images/hailey_rae_simon/portfolio2.jpg', 'images/hailey_rae_simon/portfolio3.jpg', 'images/hailey_rae_simon/portfolio4.jpg', 'images/hailey_rae_simon/portfolio5.jpg', 'images/hailey_rae_simon/portfolio6.jpg', 'images/hailey_rae_simon/portfolio7.jpg', 'images/hailey_rae_simon/portfolio8.jpg', 'images/hailey_rae_simon/portfolio9.jpg', 'images/hailey_rae_simon/portfolio10.jpg', 'images/hailey_rae_simon/portfolio11.jpg', 'images/hailey_rae_simon/portfolio12.jpg', 'images/hailey_rae_simon/portfolio13.jpg', 'images/hailey_rae_simon/portfolio14.jpg']",https://4598c52ed51e1bdda56a-2819a18ed12907756f28db1336cb386a.ssl.cf3.rackcdn.com/eb234e2e-c601-4b24-803c-7fd7e2a59361_Standard.jpg
10393,Samantha  Castillo,mai,https://apmmodels.com/w/models/mai/mai-10393-samantha-castillo,175,brown,brown,"['images/samantha_castillo/thumbnail.jpg', 'images/samantha_castillo/portfolio1.jpg', 'images/samantha_castillo/portfolio2.jpg', 'images/samantha_castillo/portfolio3.jpg', 'images/samantha_castillo/portfolio4.jpg', 'images/samantha_castillo/portfolio5.jpg', 'images/samantha_castillo/portfolio6.jpg', 'images/samantha_castillo/portfolio7.jpg', 'images/samantha_castillo/portfolio8.jpg', 'images/samantha_castillo/portfolio9.jpg', 'images/samantha_castillo/portfolio10.jpg', 'images/samantha_castillo/portfolio11.jpg', 'images/samantha_castillo/portfolio12.jpg', 'images/samantha_castillo/portfolio13.jpg', 'images/samantha_castillo/portfolio14.jpg']",https://4598c52ed51e1bdda56a-2819a18ed12907756f28db1336cb386a.ssl.cf3.rackcdn.com/05c12a59-4e7c-4930-9a50-17c5e422f87d__ffff2f44-92e9-4cfe-b558-e07d4e579001.jpg
10678,Elena Chenguayen,mai,https://apmmodels.com/w/models/mai/mai-10678-elena-chenguayen,175,black,brown,"['images/elena_chenguayen/thumbnail.jpg', 'images/elena_chenguayen/portfolio1.jpg', 'images/elena_chenguayen/portfolio2.jpg', 'images/elena_chenguayen/portfolio3.jpg', 'images/elena_chenguayen/portfolio4.jpg', 'images/elena_chenguayen/portfolio5.jpg', 'images/elena_chenguayen/portfolio6.jpg', 'images/elena_chenguayen/portfolio7.jpg', 'images/elena_chenguayen/portfolio8.jpg', 'images/elena_chenguayen/portfolio9.jpg', 'images/elena_chenguayen/portfolio10.jpg', 'images/elena_chenguayen/portfolio11.jpg', 'images/elena_chenguayen/portfolio12.jpg', 'images/elena_chenguayen/portfolio13.jpg', 'images/elena_chenguayen/portfolio14.jpg']",https://4598c52ed51e1bdda56a-2819a18ed12907756f28db1336cb386a.ssl.cf3.rackcdn.com/da93f70e-7977-4537-a175-de63fca1f009_Standard.jpg
9696,Gabrielle Covers,mai,https://apmmodels.com/w/models/mai/mai-9696-gabrielle-covers,178,dark blonde,blue,"['images/gabrielle_covers/thumbnail.jpg', 'images/gabrielle_covers/portfolio1.jpg', 'images/gabrielle_covers/portfolio2.jpg', 'images/gabrielle_covers/portfolio3.jpg', 'images/gabrielle_covers/portfolio4.jpg', 'images/gabrielle_covers/portfolio5.jpg', 'images/gabrielle_covers/portfolio6.jpg', 'images/gabrielle_covers/portfolio7.jpg', 'images/gabrielle_covers/portfolio8.jpg', 'images/gabrielle_covers/portfolio9.jpg', 'images/gabrielle_covers/portfolio10.jpg', 'images/gabrielle_covers/portfolio11.jpg', 'images/gabrielle_covers/portfolio12.jpg', 'images/gabrielle_covers/portfolio13.jpg', 'images/gabrielle_covers/portfolio14.jpg']",https://4598c52ed51e1bdda56a-2819a18ed12907756f28db1336cb386a.ssl.cf3.rackcdn.com/72fd45ce-8460-414f-b30d-28163f92e138_Standard.jpg
10289,Helga  Hitko,ima,https://apmmodels.com/w/models/ima/ima-10289-helga-hitko,182,blonde,blue,"['images/helga_hitko/thumbnail.jpg', 'images/helga_hitko/portfolio1.jpg', 'images/helga_hitko/portfolio2.jpg', 'images/helga_hitko/portfolio3.jpg', 'images/helga_hitko/portfolio4.jpg', 'images/helga_hitko/portfolio5.jpg', 'images/helga_hitko/portfolio6.jpg', 'images/helga_hitko/portfolio7.jpg', 'images/helga_hitko/portfolio8.jpg', 'images/helga_hitko/portfolio9.jpg', 'images/helga_hitko/portfolio10.jpg', 'images/helga_hitko/portfolio11.jpg', 'images/helga_hitko/portfolio12.jpg', 'images/helga_hitko/portfolio13.jpg', 'images/helga_hitko/portfolio14.jpg']",https://4598c52ed51e1bdda56a-2819a18ed12907756f28db1336cb386a.ssl.cf3.rackcdn.com/787c739c-b0d0-4d95-af98-6d296d6d4622_Standard.jpg
